company,country_iso,year,capital_expenditures_usd_million,operational_expenditures_usd_million,total_revenue_usd_million,oil_gas_&product_sales_usd_million,net_income_from_all_revenues_usd_million,total_assets_usd_million,current_assets_usd_million,total_liabilities_usd_million,total_transfers_to_government_usd_million,royalties_usd_million,income_tax_usd_million
ADNOC,ARE,2011-01-01,,,,,,,,,,,
ADNOC,ARE,2012-01-01,,,,,,,,,,,
ADNOC,ARE,2013-01-01,,,,,,,,,,,
ADNOC,ARE,2014-01-01,,,,,,,,,,,
ADNOC,ARE,2015-01-01,,,,,,,,,,,
ADNOC,ARE,2016-01-01,,,,,,,,,,,
ADNOC,ARE,2017-01-01,,,,,,,,,,,
BAPCO,BHR,2011-01-01,,,,,,,,,,,
BAPCO,BHR,2012-01-01,,,,,,,,,,,
BAPCO,BHR,2013-01-01,,,,,,,,,,,
BAPCO,BHR,2014-01-01,,,,,,,,,,,
BAPCO,BHR,2015-01-01,,,,,,,,,,,
BAPCO,BHR,2016-01-01,,,,,,,,,,,
BAPCO,BHR,2017-01-01,,,,,,,,,,,
Basra Oil Company,IRQ,2011-01-01,,,,,,,,,,,
Basra Oil Company,IRQ,2012-01-01,,,,,,,,,,,
Basra Oil Company,IRQ,2013-01-01,,,,,,,,,,,
Basra Oil Company,IRQ,2014-01-01,,,,,,,,,,,
Basra Oil Company,IRQ,2015-01-01,,,,,,,,,,,
Basra Oil Company,IRQ,2016-01-01,,,,,,,,,,,
Basra Oil Company,IRQ,2017-01-01,,,,,,,,,,,
CNOOC,CHN,2011-01-01,9153.811655,52146.56298,75555.50908999999,,23408.94611,111203.018,28609.00819,40164.90804,3959.011547,,3959.011547
CNOOC,CHN,2012-01-01,9137.192474,58422.93335,83418.6052,,24995.67186,129602.957,35335.74767,47147.22879,4783.493017,,4783.493017
CNOOC,CHN,2013-01-01,20368.77376,68069.47212,95238.22058,,27168.74846000001,168123.0839,36238.179,75142.05267,4742.922231000001,,4742.922231000001
CNOOC,CHN,2014-01-01,18047.8863,73704.70539,99553.4404,,25848.73502,181830.55,35616.39901,77377.40695,4236.881132,,4236.881132
CNOOC,CHN,2015-01-01,13617.04604,52358.82667,68419.07266,,16060.24599,186653.5711,35653.53735,79198.69885,611.1612882999998,,611.1612882999998
CNOOC,CHN,2016-01-01,8465.225025,54539.12396,65880.42149,,11341.29753,174243.1881,35594.52015,72653.71522,34.61521069,,34.61521069
CNOOC,CHN,2017-01-01,8759.74928,64402.39281000001,81480.38995,,17077.99713,167077.3664,35904.39318,67616.74216000001,2080.264756,,2080.264756
CNOOC Limited,CHN,2011-01-01,5698.86565,15905.38035,37289.39753,29293.528260000014,21384.017180000006,59470.1385,20416.89849,18789.557630000007,13085.41078,485.0295996,3452.7793130000005
CNOOC Limited,CHN,2012-01-01,8607.11903,17344.93459,39229.0785,30856.10429,21884.14391,72250.62628,27073.0338,23175.26721,13011.1174,164.1231583,4195.121
CNOOC Limited,CHN,2013-01-01,12866.22162,24358.76152,46137.53217,36548.39123,21778.77065,100306.2039,23653.60168,45168.48211,13522.24569,589.9197154,3936.5641200000014
CNOOC Limited,CHN,2014-01-01,15573.21175,23954.02925,44703.66179,35519.22209,20749.63254,107897.1451,22903.80231,46105.97194,12368.88757,1047.134209,3632.170486
CNOOC Limited,CHN,2015-01-01,10866.98083,20956.44117,27529.07456,23540.30777,6572.633392,106682.1692,22514.85428,44692.3334,5062.435206,424.8903754,500.3622108
CNOOC Limited,CHN,2016-01-01,7727.770536,18425.97765,22046.87919,18259.52364,3620.901539,95971.57465,18367.8843,38424.38888,3849.062027,360.9011967,889.7614156999997
CNOOC Limited,CHN,2017-01-01,7062.5432329999985,18651.95563,27577.56386,22472.77761,8925.608226999999,91321.40344,20541.94866,35101.73057,5023.877381,477.3068352,1728.1289010000007
CNPC,CHN,2011-01-01,,300145.13,374133.4333,367810.4503,73988.30324,468605.4511,137308.4129,205401.5234,49504.74573,,7923.285061
CNPC,CHN,2012-01-01,,356417.6322,430346.9263,424338.208,73929.2941,540120.4426,155524.1187,244808.0674,47954.37888,,7085.494575
CNPC,CHN,2013-01-01,,378004.7573,455500.8592,444454.0678,77496.10188,606755.1041,168139.8695,274749.7409,47926.6594,,7621.18168
CNPC,CHN,2014-01-01,,376484.5369,450320.0649,443616.8693,73835.52798,635848.9307,168010.4294,273947.7586,46768.79341000001,,8067.963168000001
CNPC,CHN,2015-01-01,,277875.1068,331631.6012,323228.5285,53756.4944,647788.894,175389.48,262675.548,37577.26626,,4211.488993
CNPC,CHN,2016-01-01,,244095.8931,289174.4648,281723.1012,45078.57166,612502.4937,188559.6795,244584.0353,33287.6376,,3602.602133
CNPC,CHN,2017-01-01,,255211.1577,349391.1867,346264.3786,94180.02899,606431.3705,200893.3705,250797.5224,36404.37578,,5293.452647
CUPET,CUB,2011-01-01,,,,,,,,,,,
CUPET,CUB,2012-01-01,,,,,,,,,,,
CUPET,CUB,2013-01-01,,,,,,,,,,,
CUPET,CUB,2014-01-01,,,,,,,,,,,
CUPET,CUB,2015-01-01,,,,,,,,,,,
CUPET,CUB,2016-01-01,,,,,,,,,,,
CUPET,CUB,2017-01-01,,,,,,,,,,,
Ecopetrol,COL,2011-01-01,3925.374745,13035.59141,30865.89022,30567.13139,17088.52525,46128.10634,8562.170906,16362.47507,10493.16965,4355.18051,1975.160998
Ecopetrol,COL,2012-01-01,2681.960022,16058.62855,33403.282060000005,33126.34059,16870.91544,56012.13699,9967.245113,19694.77907,15181.28725,4766.026202,5590.002699000002
Ecopetrol,COL,2013-01-01,2331.701741,18533.30262,34159.1905,33451.82461,15369.71239,61024.25268,11732.46904,22606.50401,18059.67305,4411.523828,3758.323066
Ecopetrol,COL,2014-01-01,7571.432956999999,20668.132530000006,34153.62487,32956.59536,11380.73418,55369.61452,10311.13718,30625.31592,15241.113919999998,4073.078825,2382.42889
Ecopetrol,COL,2015-01-01,5526.527520000002,13612.834030000002,19225.06987,18998.24601,5536.279949,44858.24021,7335.598833,28361.61968,6841.195513,1971.274569,962.2223356
Ecopetrol,COL,2016-01-01,3643.987762,11543.41862,16058.329769999998,15628.83051,4171.983753,39719.2486,7900.524138,24880.37745,3277.538052,1197.24143,0
Ecopetrol,COL,2017-01-01,3511.116385000001,12467.4504,19099.73795,18706.91268,6421.818869,40888.22301,7869.007004000001,24020.79415,3766.220722,1622.502131,126.1933866
EGPC,EGY,2011-01-01,,,,,,,,,,,
EGPC,EGY,2012-01-01,,,,,,,,,,,
EGPC,EGY,2013-01-01,,,,,,,,,,,
EGPC,EGY,2014-01-01,,,,,,,,,,,
EGPC,EGY,2015-01-01,,,,,,,,,,,
EGPC,EGY,2016-01-01,,,,,,,,,,,
EGPC,EGY,2017-01-01,,,,,,,,,,,
ENH,MOZ,2011-01-01,9.466794047,18.20962581,61.47394364,61.47394364,61.59577713,381.471711,93.67369333,288.1928608,14.56576078,0.962810176,11.85516038
ENH,MOZ,2012-01-01,13.52151675,25.66826245,66.61160377,66.61160377,77.25995154,404.6749277,113.6172222,276.3524454,14.84507681,1.225395658,12.29637221
ENH,MOZ,2013-01-01,73.53265457,31.51230458,75.96339639,75.96339639,66.23835402,482.12271510000005,148.1176019,332.63399260000006,19.05298928,1.793189901,14.00050258
ENH,MOZ,2014-01-01,61.29632513,39.30134962,115.3883919,115.3883919,93.77532584,545.2563729,176.2399294,364.8603459,23.14332847,2.235287088,17.35752623
ENH,MOZ,2015-01-01,,,,,,,,,,,
ENH,MOZ,2016-01-01,,,,,,,,,,,
ENH,MOZ,2017-01-01,,,,,,,,,,,
ENOC,ARE,2011-01-01,,,13311,,,9567,,,,,
ENOC,ARE,2012-01-01,,,15641,,,13700,,,,,
ENOC,ARE,2013-01-01,,,18604,,,18042,,,,,
ENOC,ARE,2014-01-01,,,20924,,,20254,,,,,
ENOC,ARE,2015-01-01,,,14690,,,18248,,,,,
ENOC,ARE,2016-01-01,,,13219,,,,,,,,
ENOC,ARE,2017-01-01,,,16415,,,,,,,,
Equinor,NOR,2011-01-01,18877.32614,81754.16669,119937.0381,115155.2579,38182.87139,137137.1727,35345.91973,86250.46744,26561.89664,,24087.32541
Equinor,NOR,2012-01-01,21572.84057,88594.7572,124417.7052,121065.7499,35822.948,134834.5509,31456.81135,79845.29437,26025.78427,,23549.63472
Equinor,NOR,2013-01-01,31880.85106,81565.95745,108578.7234,104953.1915,27012.76596,149957.4468,39829.78723,90212.76596,19428.25532,,16885.10638
Equinor,NOR,2014-01-01,35546.15181,81438.77281000001,99434.01217,96291.98625,17995.23935,156625.2314,40465.48532,96006.34753,16304.09944,,13869.34673
Equinor,NOR,2015-01-01,32055.38907,58034.51482999999,60266.61155,57699.70032,2232.096724,119913.1962,30753.33264,75767.28325,7111.088147,,5158.62354
Equinor,NOR,2016-01-01,23741,45794,45992,45687,198,104529,24859,69431,4019.78,,2724
Equinor,NOR,2017-01-01,19419,47416,61000,58009,13584,111100,25820,71214,9884.62,,8822
ETAP,TUN,2011-01-01,,586.7699812000002,1369.899904,1223.503294,783.1299224999997,3112.876874,1960.854723,1906.443622,506.1380695,140.2590749,355.1183813
ETAP,TUN,2012-01-01,,667.8742900000002,1616.50484,1440.891123,948.6305495,3344.386594,2504.822246,2023.857688,666.5231209,167.6936779,471.8406045
ETAP,TUN,2013-01-01,,557.9702632999998,1408.521261,1238.663914,850.5509975,3156.459869000001,2456.340263,1909.333494,618.7452804,162.08187560000005,428.095805
ETAP,TUN,2014-01-01,,419.8792631,1268.039787,1132.306465,848.1605242,3040.257260000001,2262.364131,1695.149499,588.739879,129.0388702,423.1907338
ETAP,TUN,2015-01-01,,438.2775153,621.2690692000001,555.4651327,182.9915539,2754.041488,1990.198882,1746.073018,226.90438340000003,60.34505254,158.52686880000005
ETAP,TUN,2016-01-01,,294.6881644,429.3826255,381.5915492,134.6944611,2157.1229550000007,1271.431304,1315.095072,122.530687,44.79327675,72.06592076
ETAP,TUN,2017-01-01,,363.8467818,506.6083698,448.7922265,142.761588,2111.005048,1244.233775,1325.456609,154.2515267,55.25380507,96.09721318
Gabon Oil Company,GAB,2011-01-01,,,,,,,,,,,
Gabon Oil Company,GAB,2012-01-01,,,,,,,,,,,
Gabon Oil Company,GAB,2013-01-01,,,,,,,,,,,
Gabon Oil Company,GAB,2014-01-01,,,,,,,,,,,
Gabon Oil Company,GAB,2015-01-01,,,,,,,,,,,
Gabon Oil Company,GAB,2016-01-01,,,,,,,,,,,
Gabon Oil Company,GAB,2017-01-01,,,,,,,,,,,
Gazprom,RUS,2011-01-01,46000.07817,82224.89723999999,170833.765,149944.2112,87519.84628,370994.8047,76246.23822999999,106856.8689,60912.00999,,1279.850354
Gazprom,RUS,2012-01-01,39987.57276,86852.06379,186806.7284,151733.2227,98754.20411,466203.5546,78495.98697,112740.2728,65577.58691,,1383.632728
Gazprom,RUS,2013-01-01,38126.85,89325.09876000002,184741.793,156317.635,94073.35764,422030.1969,89916.04374,119416.5545,59868.4279,,1523.00095
Gazprom,RUS,2014-01-01,31823.4772,83060.18538,134629.3218,103663.6231,50403.13615,395471.0532,90185.42703,131779.0584,55977.87905,,1382.034335
Gazprom,RUS,2015-01-01,22068.93435,59273.71655,98864.82313,67167.98224,38493.96877,279827.6594,65537.84061,100716.355,33481.96521,,950.332018
Gazprom,RUS,2016-01-01,24472.46528,57716.20507999999,102448.8611,85830.31678,43665.54687,252310.8271,48233.55428,81679.55806,30403.19215,,939.5141767
Gazprom,RUS,2017-01-01,25788.95715,73859.08651000001,133114.8289,107120.4823,58341.62794,312613.8895,59463.48015,106667.6415,45049.26713,,1163.451165
GEPetrol,GNQ,2011-01-01,,,,,,,,,,,
GEPetrol,GNQ,2012-01-01,,,,,,,,,,,
GEPetrol,GNQ,2013-01-01,,,,,,,,,,,
GEPetrol,GNQ,2014-01-01,,,,,,,,,,,
GEPetrol,GNQ,2015-01-01,,,,,,,,,,,
GEPetrol,GNQ,2016-01-01,,,,,,,,,,,
GEPetrol,GNQ,2017-01-01,,,,,,,,,,,
GNPC,GHA,2011-01-01,,88.19393458,469.4328141,453.9478123,381.2388795,365.5805801,184.5434402,184.1756788,241.0920396,125.547508,
GNPC,GHA,2012-01-01,2.181180336,106.6823822,591.7170699,560.1581691,485.0346877,462.1148592,125.6123697,101.6999382,321.3327907,155.93555859999995,
GNPC,GHA,2013-01-01,2.848663033,160.1010082,833.4907664,755.5451734000003,673.3897582000002,573.5851763999998,182.0094394,67.57605691,496.2432358,210.3552176,0
GNPC,GHA,2014-01-01,4.5272415960000005,137.1851968,771.4269735,736.0711058999997,634.2417767000002,863.7229857000003,305.62620130000005,264.8133138,537.7877352999999,203.7189937,0.007310911999999998
GNPC,GHA,2015-01-01,8.026195568,,443.7969011,393.4118541,290.1081517,823.8974936000003,132.7737166,252.8277697,261.58299280000006,91.11876664,0.021566647
GNPC,GHA,2016-01-01,,,,,,,,,,,
GNPC,GHA,2017-01-01,,,,,,,,,,,
IPIC,ARE,2011-01-01,10014.756,29662.38,34318.409,34225.253,2051.809,62493.761,24647.422,48756.639,2329.438,,747.316
IPIC,ARE,2012-01-01,1968.943,42898,51902.32900000001,51798.572,4952.404,65160.43900000001,23750.229,49596.428,3388.743,,814.975
IPIC,ARE,2013-01-01,2384.397,42237,52834.762,52715.306,5705.502,64707.573,25460.577,50849.83,3702.321,,582.251
IPIC,ARE,2014-01-01,5960.891,43011,51183.65,51049.547,4580.049,66291.356,23321,50041.631,3864.386,,810.692
IPIC,ARE,2015-01-01,2437.033,29920.54,35808.747,34212.566,-1729.39,58044.038,19252.767,44658.155,3300.261,,564.337
IPIC,ARE,2016-01-01,,,,33804,,,,,,,
IPIC,ARE,2017-01-01,,,,,,,,,,,
KazMunayGas,KAZ,2011-01-01,2936.19256,13309.39108,17905.06639,17298.937869999998,4595.675305,42136.22211,12030.09804,20556.63531,4264.224891,,1044.5105
KazMunayGas,KAZ,2012-01-01,2994.188951,14811.31068,19853.59035,18722.92649,5042.279668,45225.72554,12393.15953,21729.80803,5206.628318,,1187.901752
KazMunayGas,KAZ,2013-01-01,3799.981375,16246.93272,21381.29863,20189.86937,5134.3659149999985,49682.6885,13297.31862,23151.34617,4939.900793,,1269.973433
KazMunayGas,KAZ,2014-01-01,3084.060829,6168.362511,5866.84138,3066.300053,-301.521131,49326.17774,12565.55085,24675.97452,4153.140326,,742.4067618
KazMunayGas,KAZ,2015-01-01,2800.012027,5024.572445000002,4937.117384,2680.918826,-87.45506137,48300.80955,15217.5906,20833.96348,2563.6034440000008,,1046.99954
KazMunayGas,KAZ,2016-01-01,1619.540566,4741.658262,5428.557856,4187.152288,686.8995937999998,31635.15079,8380.951309,14732.64576,1415.901125,,478.6975012
KazMunayGas,KAZ,2017-01-01,1954.573623,7364.343464,7542.415264,6150.766179,178.07180019999996,37659.5886,11305.38822,16053.39082,2044.550426,,589.0466275
KPC,KWT,2011-01-01,6185.254471,41640.75279,105384.8512,104428.2565,63744.09843,86894.31017000001,35296.17094,41115.45547,56817.30187999999,14256.8956,359.9912312
KPC,KWT,2012-01-01,6955.172153,55335.5104,144233.1951,143240.1094,88897.6847,97554.59493,42974.17617,27909.99488,80860.85289,20332.62239,343.66838060000015
KPC,KWT,2013-01-01,8487.622056,,141729.5361,140795.0866,,106551.9218,46800.04983,27225.97835,,,255.9086811
KPC,KWT,2014-01-01,8549.827593,51527.48457,137099.4549,136698.8464,85571.97032000001,112507.719,45504.19955,41209.95815,79525.18645,20045.61021,144.570451
KPC,KWT,2015-01-01,10430.37686,43095.31239,106002.278,105656.5931,62906.96564,112055.0875,37104.61979,37809.28515,58963.8677,14889.86488,0
KPC,KWT,2016-01-01,12323.8715,26007.8922,63223.3626,62917.6011,37215.4704,115137.6634,31159.4219,36737.8103,34390.62355,8605.831801999999,311.5337167
KPC,KWT,2017-01-01,16003.41146,22524.54407,65078.31128,64869.74675,42553.76721000001,126315.3866,28985.13929,42308.81234,38830.31938,9351.139805,19.68025303
MOGE,MMR,2011-01-01,,,,,,,,,,,
MOGE,MMR,2012-01-01,,,,,,,,,,,
MOGE,MMR,2013-01-01,,,2281.53321,77.64812983,,,,,943.0975391,,943.0975391
MOGE,MMR,2014-01-01,,,2467.273319000001,1856.708382,,,,,1386.646921,,1048.406012
MOGE,MMR,2015-01-01,,,1944.40753,1354.95031,,,,,906.2232142,,611.1367901000001
MOGE,MMR,2016-01-01,,,,,,,,,,,
MOGE,MMR,2017-01-01,,,,,,,,,,,
Naftogaz,UKR,2011-01-01,1975.761011,11492.3474,15295.51791,13184.83484,3803.1705090000014,26455.76877,8392.152205,13398.57648,795.9774065,,295.196919
Naftogaz,UKR,2012-01-01,1387.4307720000006,15245.84567,14517.02843,13144.48935,-728.8172471,33400.45304,7844.045790000001,18104.80152,1049.551898,,80.21494769
Naftogaz,UKR,2013-01-01,529.7134993,9120.855749,10524.58401,9430.001251,1403.728262,29765.79507,5392.46841,16374.70287,759.0391592999997,,199.049168
Naftogaz,UKR,2014-01-01,308.91774310000005,8544.200388,14986.2963,6790.217265,6442.095909000002,43413.62715,3710.96693,13381.8085,430.9873633,,0
Naftogaz,UKR,2015-01-01,298.6079308,4491.753608,7540.548364,6008.231444,3048.794756,30657.32505,4022.57797,10036.39429,1216.130353,,0
Naftogaz,UKR,2016-01-01,379.3931055,4139.6272899999985,7646.997965,7544.1853299999975,3507.370675,27575.429010000003,5265.556757,9561.809919,1532.796676,,24.8910682
Naftogaz,UKR,2017-01-01,356.022866,4504.296475,8744.34871,8552.895713,4240.052236,27188.58157,8087.873978,10625.60376,1938.78119,,500.1389971
NAMCOR,NAM,2011-01-01,2.855649177,283.7103024,349.8828396,232.1321009,66.17253718,41.68188534,22.54266883,22.72703195,0.255090799,,0.255090799
NAMCOR,NAM,2012-01-01,0.14652285,31.18191027,37.43109614,27.22654472,6.249185878,42.35195319,24.04905122,18.24381795,1.543591282,,1.543591282
NAMCOR,NAM,2013-01-01,,,,,,,,,,,
NAMCOR,NAM,2014-01-01,1.060084965,70.58321681,77.65790009999998,57.36561564,7.07468329,66.01269454,45.47103047,29.59613562,5.686872361,,5.686872361
NAMCOR,NAM,2015-01-01,0.686346789,67.53751317,68.23053738,50.9016807,0.6930242090000001,51.11943339,33.10884204,25.61152046,0.731090039,,0.731090039
NAMCOR,NAM,2016-01-01,,,,,,,,,,,
NAMCOR,NAM,2017-01-01,,,,,,,,,,,
National Oil Kenya,KEN,2011-01-01,,,,,,,,,,,
National Oil Kenya,KEN,2012-01-01,,,,,,,,,,,
National Oil Kenya,KEN,2013-01-01,,,,,,,,,,,
National Oil Kenya,KEN,2014-01-01,,,,,,,,,,,
National Oil Kenya,KEN,2015-01-01,,,,,,,,,,,
National Oil Kenya,KEN,2016-01-01,,,,,,,,,,,
National Oil Kenya,KEN,2017-01-01,,,,,,,,,,,
Nilepet,SSD,2011-01-01,,,,,,,,,,,
Nilepet,SSD,2012-01-01,,,,,,,,,,,
Nilepet,SSD,2013-01-01,,,,,,,,,,,
Nilepet,SSD,2014-01-01,,,,,,,,,,,
Nilepet,SSD,2015-01-01,,,,,,,,,,,
Nilepet,SSD,2016-01-01,,,,,,,,,,,
Nilepet,SSD,2017-01-01,,,,,,,,,,,
NIOC,IRN,2011-01-01,,,,,,,,,,,
NIOC,IRN,2012-01-01,,,,,,,,,,,
NIOC,IRN,2013-01-01,,,,,,,,,,,
NIOC,IRN,2014-01-01,,,,,,,,,,,
NIOC,IRN,2015-01-01,,,,,,,,,,,
NIOC,IRN,2016-01-01,,,,,,,,,,,
NIOC,IRN,2017-01-01,,,,,,,,,,,
NNPC,NGA,2011-01-01,,,,45560.405,,,,,4.75649021e+06,,
NNPC,NGA,2012-01-01,,,,41932.513,,,,,4.23563343e+06,,
NNPC,NGA,2013-01-01,,,,42045.66334,,,,,3.51996218e+06,,
NNPC,NGA,2014-01-01,,,,35604.555,,,,,3.69866814e+06,,
NNPC,NGA,2015-01-01,,,,16724.84776,,,,,1.83125538e+06,,
NNPC,NGA,2016-01-01,,,,,,,,,,,
NNPC,NGA,2017-01-01,,,,,,,,,,,
NOC Libya,LBY,2011-01-01,,,,,,,,,,,
NOC Libya,LBY,2012-01-01,,,,,,,,,,,
NOC Libya,LBY,2013-01-01,,,,,,,,,,,
NOC Libya,LBY,2014-01-01,,,,,,,,,,,
NOC Libya,LBY,2015-01-01,,,,,,,,,,,
NOC Libya,LBY,2016-01-01,,,,,,,,,,,
NOC Libya,LBY,2017-01-01,,,,,,,,,,,
NOCAL,LBR,2011-01-01,,,,,,,,,,,
NOCAL,LBR,2012-01-01,,,,,,,,,,,
NOCAL,LBR,2013-01-01,7.093458,19.7060754,26.15698018,,9.25090478,,,,,,
NOCAL,LBR,2014-01-01,2.898198,23.87857692,26.71768560000001,,4.58910868,,,,,,
NOCAL,LBR,2015-01-01,,,,,,,,,,,
NOCAL,LBR,2016-01-01,,,,,,,,,,,
NOCAL,LBR,2017-01-01,,,,,,,,,,,
ONGC,IND,2011-01-01,5867.822192000001,13705.21972,33403.07289,32174.84433,19697.85317,49750.70609,13092.43133,20039.59606,10297.4189,3327.929011,2738.060472
ONGC,IND,2012-01-01,7482.704006999998,15428.66179,32063.57989,30860.018330000014,16634.9181,47431.46795,10336.70581,18523.8675,9335.567463,2567.685328,2323.519431
ONGC,IND,2013-01-01,5244.749151,15377.86916,31587.33887,30195.00098,16209.4697,55332.80527999999,10774.9146,25457.38464,8526.519423,2561.561759,1803.250772
ONGC,IND,2014-01-01,5913.024267,13511.24955,28234.552010000003,26961.15174,14723.30245,55430.90601,9329.453708,25457.28741,7963.499761,2317.747425,1479.486455
ONGC,IND,2015-01-01,5091.069378,9617.900208,23374.17848,21931.55658,13756.27828,55526.18085,9160.639555,26337.50394,7473.748771,1599.857976,1188.744015
ONGC,IND,2016-01-01,4481.0268369999985,8700.830096,20189.53322,20062.08385,11488.70312,36795.64536,4450.798538,9183.841465,4980.113812,1333.292402,1088.69796
ONGC,IND,2017-01-01,4300.633505,8776.61598,21828.25183,21723.66283,13051.63585,44720.69486,3304.058924,15017.83542,5698.600524,1777.414187,1373.924214
OOC,OMN,2011-01-01,,,,,,,,,,,
OOC,OMN,2012-01-01,,,,,,,,,,,
OOC,OMN,2013-01-01,,,,,,,,,,,
OOC,OMN,2014-01-01,,,,,,,,,,,
OOC,OMN,2015-01-01,,,,,,,,,,,
OOC,OMN,2016-01-01,,,,,,,,,,,
OOC,OMN,2017-01-01,,,,,,,,,,,
Orsted,DNK,2011-01-01,2964.398421,8032.094798999998,12019.27121,1849.792066,3987.176413,28570.91483,9129.006034,17871.69964,1194.90024,,680.6102314
Orsted,DNK,2012-01-01,2616.670524,10278.67958,12149.38234,2049.382846,1870.702764,26561.70044,8365.162648,18522.65052,735.9577391,,163.833234
Orsted,DNK,2013-01-01,3037.224597,10325.99386,13563.52786,2254.860611,3237.533993,25887.45214,8562.202862999999,16759.57555,377.4719279,,180.7235881
Orsted,DNK,2014-01-01,1271.4552130000004,9598.097093,14174.87261,3243.850001,4576.775512,26710.89361,10497.87972,15747.26502,1365.175146,,736.9308801
Orsted,DNK,2015-01-01,2483.68481,8250.708784999999,12871.01652,2237.099945,4620.307739,21532.99735,8924.023698,14059.05319,908.9008147,,523.7884661999999
Orsted,DNK,2016-01-01,1169.835055,6736.170212000001,10509.79814,2508.572010000001,3773.627925,17991.840330000006,7060.901568000001,9727.828394,254.7640787,,254.7640787
Orsted,DNK,2017-01-01,190.6739835,7372.676881,11453.61505,2671.707501000001,4080.938174,21790.29553,9391.034449,11215.38616,477.2945704,,269.2758878
PCJ,JAM,2011-01-01,18.85267963,1406.821255,1421.151896,0,14.33064117,241.4566587,33.78812362,241.4566587,1.055610723,,1.055610723
PCJ,JAM,2012-01-01,3.072226707,1803.793568,1823.766338,0,19.97276933,261.6759066,49.68569495,261.6759066,4.926088817,,4.926088817
PCJ,JAM,2013-01-01,1.176344356,1608.126261,1636.154797,0,26.85219128,265.68043240000003,69.22264492,265.68043240000003,6.242113035,,6.242113035
PCJ,JAM,2014-01-01,1.925739458,1682.26283,1713.365166,0,29.17659654,250.9637009,72.53731603,250.9637009,5.426516023,,5.426516023
PCJ,JAM,2015-01-01,9.455216299,1335.237893,1348.857224,0,13.61933122,241.6348186,70.66651235,241.6348186,3.422217681,,3.422217681
PCJ,JAM,2016-01-01,,,,,,,,,,,
PCJ,JAM,2017-01-01,,,,,,,,,,,
PDVSA,VEN,2011-01-01,17952.579680000006,98883.96708,125832.4202,125065.3953,57102.55753,182608.351,56822.55846,112805.3529,20729.48966,15572.70417,2011.983307
PDVSA,VEN,2012-01-01,25094.53757,101750.169,125085.4452,124769.5428,47297.69426,218969.0626,75069.1255,146302.8932,26470.28653,15408.34169,7297.227986
PDVSA,VEN,2013-01-01,23468.07135,91226,126110.3142,111323.4537,47907.31418,240751.519,70554.67795,152745.1767,27624.01688000001,16748.617580000002,7235.991421
PDVSA,VEN,2014-01-01,25051,93208,127096,101552,39209,217418,55208,127661,18861,11902,5106
PDVSA,VEN,2015-01-01,18106,62013,72169,55339,19345,198523,53935,107644,6294,5624,0
PDVSA,VEN,2016-01-01,11295,38803,48002,41977,10176,189663,54592,102563,5450,4151,817
PDVSA,VEN,2017-01-01,,,,,,,,,,,
Pemex,MEX,2011-01-01,13776.42459,71338.62046,143130.5931,124939.4184,71791.97267999999,159488.2207,26604.79381,151183.1172,70403.66488,,238.3105972
Pemex,MEX,2012-01-01,15136.30971,72181.53412000001,142461.9023,124510.512,70280.36823,153702.7529,24157.56153000001,174285.7559,68540.86001,,322.5645195
Pemex,MEX,2013-01-01,19344.43793,76003.65756,133657.6773,125106.8777,57654.019770000006,166643.4128,22653.26251,226753.1337,67718.1776,,590.3365111
Pemex,MEX,2014-01-01,17474.054819999998,75892.72557000001,122422.4403,118510.0565,46529.71469,160118.5635,21766.26581,217874.7334,57243.92418,,0
Pemex,MEX,2015-01-01,15996.32347,83337.16095,74537.21094,72780.82987,-8799.950007,112040.8962,16859.88794,196067.4984,23793.64305,,0
Pemex,MEX,2016-01-01,8112.276403,36026.08757,59143.29993,57067.86707000001,23117.21236,124832.7646,19171.38902,190895.9957,14850.03931,,0
Pemex,MEX,2017-01-01,4853.455161,68553.5021,74319.85636,73225.25452,5766.35426,112646.3021,19207.2475,192024.4788,17860.867159999998,,0
Pertamina,IDN,2011-01-01,2342.221,59906.241,67296.95599999999,48901.456,4504.754,34923.643,17637.983,21641.033,2762.43,0,2099.452
Pertamina,IDN,2012-01-01,2295.195,63988.174000000006,70924.474,48478.27400000001,4802.288,40958.641,22025.632,25765.86,2800.275,0,2036.578
Pertamina,IDN,2013-01-01,3715.825,64102.85,71102.307,50239.207,5032.8809999999985,49341.871,24146.361,32052.579,2720.067,0,1965.826
Pertamina,IDN,2014-01-01,4028.7790000000014,63346,69995.589,51293.58900000001,3788.32,50695.945,20492.731,31881.176,3181.563,0,2311.673
Pertamina,IDN,2015-01-01,2566.429,35790,41762.534,37829.934,3007.238,45518.903,14329.659,26043.665,2019.06,0,1565.075
Pertamina,IDN,2016-01-01,1952.569,27944.233,36486.744,33494.578,4945.352,47233.206,16240.987,25158.639,2337.557,0,1782.698
Pertamina,IDN,2017-01-01,1636.125,35445.03,42959.325,38656.576,3575.61,51213.57,17286.806,27387.216,1890.742,0,1022.991
Perupetro,PER,2011-01-01,0.226113431,1515.011994,2585.863610000001,584.2702353,1080.064784,180.8615439,171.306775,354.4628459,1070.451056,0,0
Perupetro,PER,2012-01-01,0.290208122,1670.992988,2518.370349,627.0638368,857.2616729,182.6110696,178.7616291,363.7763356,846.8885630000003,0,0.104780264
Perupetro,PER,2013-01-01,0.374181267,1607.788062,2460.821421,534.9422706,855.0330630000003,184.9080943,173.06087140000002,177.82233730000004,859.7778739,0,0.39638787
Perupetro,PER,2014-01-01,0.196192793,1438.662734,2121.405906,507.07313099999993,684.0312816,120.1266988,104.409437,108.3621758,686.7311338999998,0,0.298339849
Perupetro,PER,2015-01-01,0.351710275,751.8080323,1383.618485,264.1802642,646.4390883,415.4747193,79.01359735,404.6144085,651.2823272,0,0.347313896
Perupetro,PER,2016-01-01,0.119405228,709.3461669,843.4980893,187.4825047,134.629247,386.738128,96.31024252,400.0312187,228.8310835,0,0
Perupetro,PER,2017-01-01,0.133722294,734.2724891,1048.136808,250.1017876,320.3980026,410.3756243,132.8236555,461.1453174,318.40842339999995,0,0.612791613
Petroamazonas,ECU,2011-01-01,,,,,,,,,,,
Petroamazonas,ECU,2012-01-01,,450.75,5083.729,,4130.96,,,,,,
Petroamazonas,ECU,2013-01-01,,1282.96,11365.58,,9147.98,,,,,,
Petroamazonas,ECU,2014-01-01,,1367.45,11213.12,,8645.23,,,,,,
Petroamazonas,ECU,2015-01-01,,,,,,,,,,,
Petroamazonas,ECU,2016-01-01,,,,,,,,,,,
Petroamazonas,ECU,2017-01-01,,1065,,,,,,,,,
Petrobangla,BGD,2011-01-01,,,,,,,,,562.1126221,9.628818487,149.02956609999995
Petrobangla,BGD,2012-01-01,,,,,,,,,554.3834138999998,12.22291116,114.5687202
Petrobangla,BGD,2013-01-01,,,914.4109716,909.0405666,,,,,715.2815117,17.98517052,182.543015
Petrobangla,BGD,2014-01-01,,236.9,937.193556,932.1664745,700.2890434,739.8050472,735.659623,97.11300864,692.663891,19.95198224,152.6788379
Petrobangla,BGD,2015-01-01,,259.09,1038.722489,1031.741296,779.6294672,723.5685105,719.6486745,100.211286,795.9520309999997,3.149579698,121.5147618
Petrobangla,BGD,2016-01-01,,618.47,1319.334274,1308.564305,700.8670641,844.5108364,839.8063978,594.8299900000002,956.2904185,4.388863661,197.3691822
Petrobangla,BGD,2017-01-01,,,,0,,,,,,,
Petrobras,BRA,2011-01-01,54565,108224,146423,145915,26648,316414,64592,143826,26175.77479,,6732
Petrobras,BRA,2012-01-01,51921,111982,144923,144103,16419,327396,57794,165530,21515.8815,,3562
Petrobras,BRA,2013-01-01,58298,113993,142161,141462,-6957,321423,52655,171227,19146.24,,2578
Petrobras,BRA,2014-01-01,47831,136804,144144,143657,-7189,298687,50832,181709,15840.22,,0
Petrobras,BRA,2015-01-01,33244,89656,98158,97314,-18189,230521,43428,164466,8860,,0
Petrobras,BRA,2016-01-01,28050,71928,84767,81405,-11420,246983,44769,169433,6277,,684
Petrobras,BRA,2017-01-01,26946,69942,92374,88827,-7898,251366,47131,169864,11722,,1828
PetroChina,CHN,2011-01-01,44013.41827,260763.7676,310948.081,309822.9485,50184.31336,296772.8046,55961.02518,129233.9237,56400.709,,5920.642107
PetroChina,CHN,2012-01-01,55845.59776,296373.7894,348634.6586,347441.9141,52260.86917,343596.5846,62228.18263,156542.4427,54339.49847000001,,5733.379559
PetroChina,CHN,2013-01-01,51437.77117,312090.1255,365492.4665,364131.0513,53402.34101,378018.294,69556.13436,173049.8415,55230.52722,,5776.371188
PetroChina,CHN,2014-01-01,47486.30742,315869.1003,372686.9964,371226.7382,56817.89609,391551.8524,63695.31991000001,177049.5106,52732.07054,,6141.678973
PetroChina,CHN,2015-01-01,32475.04903,236116.2063,278921.9044,276778.6648,42805.69809,384399.5751,56097.09119,168576.7819,38152.29741,,2525.255496
PetroChina,CHN,2016-01-01,25944.25091,176106.0884,245650.9062,243117.6748,69544.8178,360698.171,57440.93212000001,154100.296,32543.11408,,2373.098444
PetroChina,CHN,2017-01-01,31992.13424,223713.6841,299908.4852,298056.369,76194.80118,355777.3539,62905.37156,151402.5863,35230.008630000004,,2411.094912
Petroci,CIV,2011-01-01,,299.4429898,469.7773232,446.1180698,143.9242997,2039.71841,1383.006706,1764.81416,73.2877377,,70.3483446
Petroci,CIV,2012-01-01,,315.3035141000001,459.10586039999987,430.6940504,139.48523980000002,2095.154057,715.5133867000003,1785.062803,57.74423714,,54.68661318
Petroci,CIV,2013-01-01,,391.8326154,539.3834098,509.5619402,130.2505771,2223.333974,857.5479068,1874.884483,74.91498096,,71.87878979
Petroci,CIV,2014-01-01,,,,,,,,,,,
Petroci,CIV,2015-01-01,,,,,,,,,,,
Petroci,CIV,2016-01-01,,,,,,,,,,,
Petroci,CIV,2017-01-01,,,,,,,,,,,
Petroecuador,ECU,2011-01-01,,,,,,7850,3485,3780,,,
Petroecuador,ECU,2012-01-01,,9670.530283,15616.0156,15616,5945.485317000002,8620,3504,3748,112.777,0,9.7
Petroecuador,ECU,2013-01-01,,,16465.49,16334.49,6230.05,6883,3656,3702,,,
Petroecuador,ECU,2014-01-01,,10739.12,15907.02,15767.02,5167.9,9311,3540,5250,,,
Petroecuador,ECU,2015-01-01,,8209,9230,9173,917,7624,2794,4002,,,
Petroecuador,ECU,2016-01-01,,6416.739918,,7298.022743,,6283.569418,2588.364453,4640.334414,,,
Petroecuador,ECU,2017-01-01,4854.903611,1028.33,,8527.289944,,11582.75379,4030.762281,3717.36913,,,
PetroleumBrunei,BRN,2011-01-01,,,,,,,,,,,
PetroleumBrunei,BRN,2012-01-01,,,,,,,,,,,
PetroleumBrunei,BRN,2013-01-01,,,,,,,,,,,
PetroleumBrunei,BRN,2014-01-01,,,,,,,,,,,
PetroleumBrunei,BRN,2015-01-01,,,,,,,,,,,
PetroleumBrunei,BRN,2016-01-01,,,,,,,,,,,
PetroleumBrunei,BRN,2017-01-01,,,,,,,,,,,
Petronas,MYS,2011-01-01,11405.21754,53122.82355,83153.18617,78832.60218,30030.362610000004,143461.9504,61607.78253,46758.12393,21470.56711,0,8202.606309
Petronas,MYS,2012-01-01,14763.01062,67823.08379,97306.69376,94284.48533,29483.60996,158363.3977,60965.08261000001,48621.13373,26547.5191,0,12399.63392
Petronas,MYS,2013-01-01,17963.0729,72191.24147000001,102535.8226,100705.5568,30344.58109,167780.1788,63012.30164,49622.19548,23929.60595,0,10568.38035
Petronas,MYS,2014-01-01,19738.08993,78555.45912,102574.2091,100568.9292,22013.47005,164225.4914,58669.79183,44474.25532,23618.48841,0,9930.153602
Petronas,MYS,2015-01-01,16555.62557,54594.79852999999,64573.54577,63412.3629,9978.747248,151557.2808,48005.3738,45129.94191,13493.7899,0,4071.181393
Petronas,MYS,2016-01-01,12141.11611,37755.70112,48965.8336,47021.90508,11210.13248,145468.4819,46100.08183,43329.54976,8111.273201999998,0,2446.302914
Petronas,MYS,2017-01-01,10347.54372,37820.30834,53559.15976,51999.78476,15738.85142,139485.6986,46161.77868,38836.71576,10332.42899,0,4449.311255
PetroSA,ZAF,2011-01-01,27.14053352,1481.5992609999994,1490.863794,1455.060286,69.01885145,3283.045752,2191.369846,1052.484635,0,0,0
PetroSA,ZAF,2012-01-01,73.22975609,1658.451283,1769.484472,1759.32475,156.7020604,3226.173473,2295.711574,1031.515757,0.596591805,0,0.596591805
PetroSA,ZAF,2013-01-01,360.9677639,1930.362793,1995.335279,1955.536546,55.80278314,3700.5386340000014,1695.196059,1631.3055960000006,0.039668335,0,0.039668335
PetroSA,ZAF,2014-01-01,486.64909400000016,2174.159389,2060.689004,1953.373888,-153.2617514,3138.180308,1263.678914,1436.071743,5.540487268,0,5.540487268
PetroSA,ZAF,2015-01-01,453.19275210000006,2567.637391,1427.312772,1414.588038,-1210.776604,1554.26471,760.8483100999997,1230.023906,0.000235129,0.000235129,0
PetroSA,ZAF,2016-01-01,140.74485149999995,1074.115429,1077.2465109999996,1069.617145,-10.29361016,1422.209817,534.1336396,1103.065073,0.285527607,0,0.285527607
PetroSA,ZAF,2017-01-01,55.20309465,871.8330981,795.9284492,776.7551186000003,-87.39441271,1286.841475,461.8167035,1139.10814,0.155244782,0,0.155244782
Petrotrin,TTO,2011-01-01,486.5950504,5006.3218240000015,5645.445371,5628.666785,639.1235469,6268.736769,2340.345334,4401.583464,463.9574794,46.66437319,372.8186755
Petrotrin,TTO,2012-01-01,327.0017002,5456.029847999999,5762.44054,5735.233571,306.4106921,7119.061542,2740.090165,5192.199236,225.3052136,48.03127293,147.18778909999997
Petrotrin,TTO,2013-01-01,277.4887223,4849.34645,4865.674411,4842.009072999998,16.32796076,7150.041723,2648.024734,5210.515603,74.93260441,48.14028262,0
Petrotrin,TTO,2014-01-01,265.5568551,4505.627534,4472.7002619999985,4448.745864,-32.92727193,7082.789846,2067.905667,5189.48466,70.10163363,51.66283567,0
Petrotrin,TTO,2015-01-01,207.2559921,3244.885501,3047.207801,3025.402036,-197.6776999,5853.058946,1024.910982,4135.6055259999985,54.03891059,37.72468845,0
Petrotrin,TTO,2016-01-01,175.66799450000005,2645.33246,2479.476781,2445.546337,-165.85567980000005,6565.172266,807.2716912999997,5611.96972,590.4787348,96.77481269,463.89285700000005
Petrotrin,TTO,2017-01-01,75.12709224,3074.837986,2917.340227,2902.522374,-157.4977598,5986.780195,786.0373699,5404.920551,265.3889469,125.6210428,64.38312419
PetroVietnam,VNM,2011-01-01,1958.460586,13694.45644,16187.6038,,2493.147357,28162.26751,12474.39681,13984.45335,1542.945331,60.82424213,330.9630785
PetroVietnam,VNM,2012-01-01,1385.4236119999994,15020.55368,17869.25125,,2848.697571,30300.12003,13236.16147,13655.660269999995,862.0060494999999,43.63779528,167.4930382
PetroVietnam,VNM,2013-01-01,604.6429115,15431.4546,19399.89264,,3968.43804,33894.69102,15656.54567,15439.588630000002,829.1711418,,
PetroVietnam,VNM,2014-01-01,,,,,,,,,,,
PetroVietnam,VNM,2015-01-01,,,,,,,,,,,
PetroVietnam,VNM,2016-01-01,,,,,,,,,,,
PetroVietnam,VNM,2017-01-01,,,,,,,,,,,
PNOC,PHL,2011-01-01,1.270614989,7.8655005660000015,129.1294142,,121.2639137,1000.068909,,126.0884473,12.7703621,,1.3654431930000002
PNOC,PHL,2012-01-01,1.202926494,7.523066287000001,48.21354748,,40.69048119,963.9569139,,128.53946820000002,84.39577711,,1.14285213
PNOC,PHL,2013-01-01,0.464758189,5.773149882999999,23.98330979,,18.2101599,956.7214405,,126.8268864,13.15289825,,1.111447947
PNOC,PHL,2014-01-01,0.5590700239999999,4.979042273,100.0083967,,95.02935440000002,955.1820475,,103.5483653,2.854247361,,0.27477523600000003
PNOC,PHL,2015-01-01,0.391316235,5.565858027999999,45.27776767,,39.71190964,883.5097391,,79.49917791,68.20888931,,0.424644177
PNOC,PHL,2016-01-01,0.224756333,5.789458509,26.58979757,,20.80033906,853.4816705000003,64.61282538,73.41572502,6.090441904,,0.16941635300000002
PNOC,PHL,2017-01-01,0.15436533300000002,4.899617469,11.34297235,,6.443354882,806.8084845,60.61951018,70.54211389,3.426693004,,0.502425379
PTT,THA,2011-01-01,3645.3254,75030.95921,80175.87332,78121.4621,5144.914117,45938.57982,12499.48585,24863.23644,3788.644314,711.2744219,1379.838872
PTT,THA,2012-01-01,4128.924863,85340.25929,90435.40622,88328.52341000002,5095.146933,52564.35422,15202.15103,29035.36695,3587.085152,830.6490319000003,1312.046509
PTT,THA,2013-01-01,4286.2326,87898.75763,92964.87064,91039.79674,5066.113002,73068.5841,24586.5505,39869.89569,4020.583087,887.2362029999997,1491.327528
PTT,THA,2014-01-01,6684.2418119999975,76373.33123,81437.4482,78339.78284,5064.116969,69284.5729,21679.23033,36812.29428,3615.938296,662.4261207999998,1668.959931
PTT,THA,2015-01-01,4883.873913,55417.30165,60082.7132,57658.39572000001,4665.411549,63478.5731,19846.64286,31719.16022,2077.974279,443.878351,1230.364099
PTT,THA,2016-01-01,3202.393824,43997.74371,48971.8357,53206.41444,4974.091989000001,63245.3207,21010.18869,30052.202910000004,1516.6901369999994,384.470953,867.1887671000003
PTT,THA,2017-01-01,3584.863799,52532.34211000001,59634.70386,62209.7158,7102.361752,65772.73377,23045.80782,28985.38282,1989.229016,408.8806874,1000.522169
Qatar Petroleum,QAT,2011-01-01,,10061.64945,79444.83159,79444.83159,,67237.14945,21651.85797,5816.0203299999985,55030.30604,17053.57198,26492.39341
Qatar Petroleum,QAT,2012-01-01,2815.683516,29666.6033,49700.19148,42343.09533,,101865.2538,52176.10467,8178.671154000002,50410.1967,20335.7772,30074.419510000003
Qatar Petroleum,QAT,2013-01-01,2499.970879,29569.37005,49669.25055,41810.99368,,108929.3044,54678.26566000001,9752.016484,41059.93352,,14185.7228
Qatar Petroleum,QAT,2014-01-01,2899.674725,29502.48324,46335.48709,38151.76099,,110030.6703,49692.0717,10822.50769,42326.22665,,11655.96621
Qatar Petroleum,QAT,2015-01-01,,,,,,,,,,,
Qatar Petroleum,QAT,2016-01-01,,,,,,,,,,,
Qatar Petroleum,QAT,2017-01-01,,,,,,,,,,,
Rosneft,RUS,2011-01-01,13307.31255,26138.14843,94036.07307,90428.46404,72832.86151,117859.9063,28520.53175,46252.27047,47646.7228,,3063.064269
Rosneft,RUS,2012-01-01,15337.30826,29118.18777,103761.9163,98055.01092,79702.12197000001,128762.053,30771.893310000003,53469.8125,56289.61613,,3372.26228
Rosneft,RUS,2013-01-01,17589.51765,42120.6128,155384.5425,145239.16,123723.4108,236547.6025,50538.45339,137009.7786,80129.37542000001,,2544.198089
Rosneft,RUS,2014-01-01,13888.09013,40856.52032,145837.9746,141747.1113,115664.6006,227629.1846,55526.30408,152560.5398,80790.71264,,3335.226148
Rosneft,RUS,2015-01-01,9764.078512,29374.28662,86645.94041,83216.20527,63474.71544,158161.6617,41911.69163,110096.1391,38013.32601,,1706.662463
Rosneft,RUS,2016-01-01,10573.26272,28185.4253,75355.00214,72879.45685,53104.92037,165786.9699,34299.72391,109386.2934,31753.34223,,1700.073272
Rosneft,RUS,2017-01-01,17002.9546,38170.94748,103885.9958,100732.222,73925.14436,209571.6995,39285.05237,137874.765,46392.7159,,1679.7273699999994
Saudi Aramco,SAU,2011-01-01,,,,,,,,,,,
Saudi Aramco,SAU,2012-01-01,,,,,,,,,,,
Saudi Aramco,SAU,2013-01-01,,,,,,,,,,,
Saudi Aramco,SAU,2014-01-01,,,,,,,,,,,
Saudi Aramco,SAU,2015-01-01,,,,,,,,,,,
Saudi Aramco,SAU,2016-01-01,27558.93333,53039,161995.2,160910.1333,108334.1333,250854.1333,40481.06667,54761.86667,94018.4,27007.2,64011.2
Saudi Aramco,SAU,2017-01-01,32521.33333,71160,264594.1333,263214.9333,192621.6,294014.1333,67520.8,73663.73332999999,133822.6667,37662.13333,46067.46667
SHT,TCD,2011-01-01,,,,0,,,,,1.96,,
SHT,TCD,2012-01-01,,,385.788,287.888,,,,,353.885,,
SHT,TCD,2013-01-01,,,378.5,377,,,,,378.4041228,,
SHT,TCD,2014-01-01,,,444,444,,,,,447.113308,,
SHT,TCD,2015-01-01,,,527.754226,527.754226,,,,,525,,
SHT,TCD,2016-01-01,,,376.6,376.6,,,,,377,,
SHT,TCD,2017-01-01,,,,,,,,,,,
Sinopec Corp,CHN,2011-01-01,21306.6353,371456.6843,387788.9031,381301.8256,16332.21878,175993.9343,53046.04991,98612.98672,36513.06156,25815.83199,4042.429209
Sinopec Corp,CHN,2012-01-01,26767.91681,425735.3143,441365.352,433059.8647,15630.03769,199283.535,57825.68981,112463.6516,36751.36362,26293.4488,3777.684202
Sinopec Corp,CHN,2013-01-01,29879.47393,449263.1643,464884.3352,457288.1707,15621.1709,223203.6698,60204.09112000001,122872.7716,38110.90972,26821.89826,3996.766597
Sinopec Corp,CHN,2014-01-01,25171.58931,448027.4318,459989.3083,452782.7526,11961.87651,236247.0204,58622.58705,131162.9599,36729.39866,27045.13428,2860.1267190000012
Sinopec Corp,CHN,2015-01-01,18024.76181,315031.4843,324188.9477,317369.0237,9157.463465,231735.3071,53377.05413,105806.6959,42056.71431,32695.84429,2025.375021
Sinopec Corp,CHN,2016-01-01,11506.69804,278986.2571,290603.8743,282970.3173,11617.61721,225542.0273,62045.65815,97631.59975,38695.116,29755.08461,910.681043
Sinopec Corp,CHN,2017-01-01,14704.48311,338630.85299999994,349205.2856,340368.895,10574.43258,236064.7752,78276.10162999999,112635.6837,35930.87734,29258.05085,1925.650484
Sinopec Group,CHN,2011-01-01,,378432.0414,394949.5124,,16517.47099,270632.5878,74539.02077,159150.2213,5721.925449,,5721.925449
Sinopec Group,CHN,2012-01-01,,433291.6332,448425.1825,,15133.54929,308614.5888,76308.08026,183210.5549,5524.26511,,5524.26511
Sinopec Group,CHN,2013-01-01,,457871.9572,475337.293,,17465.33579,344900.9598,83042.13484,199151.2469,5995.553397,,5995.553397
Sinopec Group,CHN,2014-01-01,,459467.9387,470410.1901,,10942.25135,362723.188,81155.09865,207979.4428,5486.182399,,5486.182399
Sinopec Group,CHN,2015-01-01,,320749.1759,328747.5927,,7998.416795999998,330551.8176,88553.28511,161466.158,2894.828228000001,,2894.828228000001
Sinopec Group,CHN,2016-01-01,,291126.3021,296369.3868,,5243.084693,324990.3913,99325.34007,163517.8697,3718.076971,,3718.076971
Sinopec Group,CHN,2017-01-01,,348881.8769,355142.0608,,6260.183933,333892.5188,117686.9897,174311.9827,2847.423787,,2847.423787
SNH,CMR,2011-01-01,2.011145121,,,,,219.748756,45.8019995,,,,
SNH,CMR,2012-01-01,3.768784303,,,,,198.501547,43.90019747,,,,
SNH,CMR,2013-01-01,7.1590110110000005,,,,,182.1533216,43.67265484,,,,
SNH,CMR,2014-01-01,13.48734747,,,,,177.941628,50.92015435,,,,
SNH,CMR,2015-01-01,7.905643174,,,,,149.60497959999995,50.06787615,,,,
SNH,CMR,2016-01-01,,,,815.0005752000003,,,,,,,
SNH,CMR,2017-01-01,,,,,,,,,,,
SNPC,COG,2011-01-01,,,5154.323367,5124.923367,,,,,5071.273477000002,,
SNPC,COG,2012-01-01,,,4781.345,4685.815,,,,,4645.877,,
SNPC,COG,2013-01-01,,,4735.98,4634.241,,,,,4365.269,,
SNPC,COG,2014-01-01,,,3351.447,3276,,,,,2906.749000000001,,
SNPC,COG,2015-01-01,,,,,,,,,,,
SNPC,COG,2016-01-01,,,,,,,,,,,
SNPC,COG,2017-01-01,,,,,,,,,,,
SOCAR,AZE,2011-01-01,3096.165813,7901.871031000002,10488.973999999998,9830.484746,1675.348618,21451.55373,5985.920571,9739.309311,1039.653224,,474.8720572
SOCAR,AZE,2012-01-01,4104.905607,19597.90128,22107.93969,21104.94259,2606.774165,27831.89643,9972.693156,15290.614280000002,1202.832806,,605.8713392000002
SOCAR,AZE,2013-01-01,4111.958063,46821.00295,49204.56203,47843.25663,2453.663754,29375.135,10032.61684,16336.9394,1181.582494,,565.9359516
SOCAR,AZE,2014-01-01,3435.9770380000004,48326.79393,50809.11203,48853.34625,2692.6840460000008,30684.10367,9942.021872,16587.03572,980.4327801,,592.8494704
SOCAR,AZE,2015-01-01,4681.016363000002,30832.6328,32876.42935,28658.04889,-925.2717916,38996.10671,13629.21445,24699.2911,552.4302047,,196.1810444
SOCAR,AZE,2016-01-01,3060.684322,31486.06929,33104.772730000004,28784.47016,1109.842738,33218.20104,12881.31987,22123.53371,589.0751971,,367.2319846
SOCAR,AZE,2017-01-01,5276.1088009999985,52596.08252,53925.42256,51099.99396,1956.244723,35642.92992,12959.32241,17065.28661,813.9883747,,246.3462319
Sonahydroc,COD,2011-01-01,,,5.936003,0,,,,,0.869791,0,0.091466
Sonahydroc,COD,2012-01-01,,,8.725,0,,,,,1.043564,0,0
Sonahydroc,COD,2013-01-01,,,9.578119,0,,,,,0.181326,0,0
Sonahydroc,COD,2014-01-01,,,7.409,0,,,,,1.327532,0,0
Sonahydroc,COD,2015-01-01,,,6.2570000000000014,0,,,,,0.149139486,0,0
Sonahydroc,COD,2016-01-01,,,,,,,,,,,
Sonahydroc,COD,2017-01-01,,,,,,,,,,,
Sonangol,AGO,2011-01-01,,2756.969013,33806.95642,33607.03041,31049.98741,34283.56386,8415.437312,19748.43176,28342.03497,1051.761664,1750.651383
Sonangol,AGO,2012-01-01,,3036.749522,33901.05073,33775.87784,30864.30121,42633.71916,12209.8247,20627.45548,28725.88642,951.7821514,668.0461493
Sonangol,AGO,2013-01-01,10154.22,12940.9812,41720.73516,40527.00816000001,28779.75396,50991.67771,18735.70488,32491.09927,25086.90702,843.9230417000001,1211.50075
Sonangol,AGO,2014-01-01,5555.62,14519.43441,35594.20905,34112.77476,21074.77463,54496.43585,14075.911069999998,32680.12034,18780.31158,795.5755565000003,714.8498506
Sonangol,AGO,2015-01-01,4506.986,11288.64171,19570.81471,18362.62636,8282.172992,52862.92479,10207.85642,31797.62674,8350.212448999999,389.569604,258.2900423
Sonangol,AGO,2016-01-01,4506.986,8296.010165,14981.958019999998,13954.70453,6685.947854,45880.7526,10274.61918,26718.01454,6054.412642,310.361571,209.8798841
Sonangol,AGO,2017-01-01,,,,,,,,,,,
Sonatrach,DZA,2011-01-01,13806.26848,19523.46209,85223.20247999999,75338.07877000001,56911.4404,102032.0259,44201.99563,37045.2209,44188.28533,13189.30515,
Sonatrach,DZA,2012-01-01,9350.499274,22441.19826,84979.91685,75203.80864,53923.36202000001,104003.3464,43670.05592,37737.32534,50544.28504,13039.11002,7028.996006
Sonatrach,DZA,2013-01-01,7547.084229999998,22931.04057,76541.79749,67079.59339,46101.47111000001,107788.4901,47147.22736,37811.01799,44992.7175,11994.69814,5556.367522
Sonatrach,DZA,2014-01-01,14792.93307,21221.40566,65882.09677,61848.78867,40097.28753,112796.1146,52420.59502,39588.4702,35567.57229,11032.64891,
Sonatrach,DZA,2015-01-01,9732.704835,,43817.03442,36229.49718,,93831.21967,33617.557010000004,35931.557239999995,,,
Sonatrach,DZA,2016-01-01,11759.5389,16527.31466,37124.32522,31048.1066,,92175.77967,33908.04108,36932.44463,17022.54932,4926.76253,
Sonatrach,DZA,2017-01-01,10335.84591,18485.5748,43767.39631,36324.14546,,95248.37945,37612.747,39000.47174,20076.95264,5811.322602,
Staatsolie,SUR,2011-01-01,189,318.681,791,559.115,423,1194,644,394,297,,152
Staatsolie,SUR,2012-01-01,465,538.77,1060,537.194,496,1411,446,458,279,,80
Staatsolie,SUR,2013-01-01,304,539.243,1030,513.47,446,1572,346,469,282,,133
Staatsolie,SUR,2014-01-01,349,619.432,1076,486.49800000000016,412,2004,326,754,261,,124
Staatsolie,SUR,2015-01-01,248,457.358,591,230.454,59,2261,288,974,21.735,,6
Staatsolie,SUR,2016-01-01,13.171,234.487,368.292,156.336,47.587,2236.804,314.254,964.459,7.507999999999999,,7.507999999999999
Staatsolie,SUR,2017-01-01,,,,,,,,,,,
Sudapet,SDN,2011-01-01,,,,,,,,,,,
Sudapet,SDN,2012-01-01,,,,,,,,,,,
Sudapet,SDN,2013-01-01,,,,,,,,,,,
Sudapet,SDN,2014-01-01,,,,,,,,,,,
Sudapet,SDN,2015-01-01,,,,,,,,,,,
Sudapet,SDN,2016-01-01,,,,,,,,,,,
Sudapet,SDN,2017-01-01,,,,,,,,,,,
TAQA,ARE,2011-01-01,1551.25936,4488.767868999998,6585.976855,3204.901293,2463.716814,30849.01293,4050.10211,27785.43227,1066.397141,257.3179033,689.9931926
TAQA,ARE,2012-01-01,1383.526208,5684.955752000003,7750.034037,3063.036079,2135.874745,33380.53097,4286.725664000001,29755.47992,897.8471069,184.3430905,594.4179713999997
TAQA,ARE,2013-01-01,1512.321307,6090.946222,7013.478557,3114.49966,1163.2403,33199.45541,3629.40776,29846.42614,357.2498298,177.26344450000005,179.98638530000005
TAQA,ARE,2014-01-01,1452.144316,6649.965963000002,7653.097345,3498.162015,1045.06467,31324.1661,3396.868618,28932.33492,376.5827093,212.6616746,163.92103469999995
TAQA,ARE,2015-01-01,773.3151803999997,4690.537781,5328.522805,1774.2682100000006,672.5663717,29458.67937,3036.078965,27620.42206,61.26616746,61.26616746,0
TAQA,ARE,2016-01-01,231.9945541,9818.37985,4437.848877,1201.906059,-5359.564329,28452.55276,3237.304289,26254.59496,49.01293397,49.01293397,0
TAQA,ARE,2017-01-01,338.7338325,2913.818924,4609.121852,1415.384615,1729.339687,28055.2757,3440.435671,25567.597,331.9264806000001,67.25663717,264.6698434
Timor GAP,TLS,2011-01-01,,,,,,,,,,,
Timor GAP,TLS,2012-01-01,1.587177,3.495885,2,0,-0.588387,5.847844,3.976068,3.976173,0.039942,0,0
Timor GAP,TLS,2013-01-01,0.252087,9.809535,8.200973,3.710179,-0.9002030000000001,6.367424,3.5352019999999995,5.395956,0,0,0
Timor GAP,TLS,2014-01-01,1.003567,7.828780999999997,6.547239,0.8,-0.912017,4.039389,1.243474,3.979937,0,0,0
Timor GAP,TLS,2015-01-01,0.590078,7.529,9.728922,0,2.020014,4.06677,1.7660900000000002,1.987304,0,0,0
Timor GAP,TLS,2016-01-01,0.990419,7.529,9.102099,0,0.384021,3.90572,1.3628360000000002,1.869964,0,0,0
Timor GAP,TLS,2017-01-01,0.191932,7.529,13.997703,0,1.514026,7.589258,5.315672,2.59689,0.455237,0,0.455237
TPDC,TZA,2011-01-01,,,,,,,,,,,
TPDC,TZA,2012-01-01,,11.31304661,14.64463052,0.450595762,3.3315839030000003,123.94642749999998,28.30945351,52.01956672,,,
TPDC,TZA,2013-01-01,,13.18317953,40.92096573,1.559194031,27.737786199999995,496.0309557,59.0175441,318.5849572,,,
TPDC,TZA,2014-01-01,,17.69964093,36.48550061,1.252506474,18.78585968,987.722783,85.07816042,86.08716683,,,
TPDC,TZA,2015-01-01,,22.0130979,35.03292384,1.3365018709999998,13.01982594,1263.649227,108.5989662,112.2030219,,,
TPDC,TZA,2016-01-01,,,,,,,,,,,
TPDC,TZA,2017-01-01,,,,,,,,,,,
Turkmengaz,TKM,2011-01-01,,,,,,,,,,,
Turkmengaz,TKM,2012-01-01,,,,,,,,,,,
Turkmengaz,TKM,2013-01-01,,,,,,,,,,,
Turkmengaz,TKM,2014-01-01,,,,,,,,,,,
Turkmengaz,TKM,2015-01-01,,,,,,,,,,,
Turkmengaz,TKM,2016-01-01,,,,,,,,,,,
Turkmengaz,TKM,2017-01-01,,,,,,,,,,,
YOGC,YEM,2011-01-01,,,,,,,,,,,
YOGC,YEM,2012-01-01,,,,,,,,,,,
YOGC,YEM,2013-01-01,,,,,,,,,,,
YOGC,YEM,2014-01-01,,,,,,,,,,,
YOGC,YEM,2015-01-01,,,,,,,,,,,
YOGC,YEM,2016-01-01,,,,,,,,,,,
YOGC,YEM,2017-01-01,,,,,,,,,,,
YPF,ARG,2011-01-01,3192.592309,11927.33217,14062.782769999998,13357.94052,2135.450594,14838.91213,3216.679082,9140.808798,1524.522436,862.7444237,661.7780125
YPF,ARG,2012-01-01,3633.510801,13064.1079,15369.40905,14586.72195,2305.30115,17621.81104,4044.140502,10731.69593,1569.0176310000006,985.0263736,549.9308127
YPF,ARG,2013-01-01,5467.314869,14461.97102,18171.7515,16389.30575,3709.780489,24837.19377,6321.994954,16000.98132,2803.676725,1075.402225,1697.8203399999998
YPF,ARG,2014-01-01,7291.515492,15132.60972,19045.9125,17473.95385,3913.302781,25826.23804,5213.444102,16813.41915,2848.650625,1181.87911,1637.467253
YPF,ARG,2015-01-01,6624.041057,15113.74375,19897.46654,16787.922169999998,4783.722788,39363.77094,8336.559446,26317.2444,3993.26212,1297.16878,2668.309863
YPF,ARG,2016-01-01,4347.42098,13866.9584,15411.593819999998,14080.12839,1544.635422,28535.98074,5910.351347,20495.62349,1194.686328,1163.96505,0
YPF,ARG,2017-01-01,3599.532387,14407.18604,16570.35901,15267.13001,2163.172974,30533.53551,7383.937937000002,21324.11094,1090.230002,1068.182881,0
YPFB,BOL,2011-01-01,,5946.526942,6921.403008,6195.181175,974.8760662,8817.541108,4845.173411,4356.928632,1581.309417,349.7618958,1191.640439
YPFB,BOL,2012-01-01,,7653.016501000001,8915.286798000001,8054.2614909999975,1262.270297,10911.62426,6011.57925,5090.724883,2174.554047,524.6466222,1622.207649
YPFB,BOL,2013-01-01,,8606.345476999999,10055.46766,9276.690555,1449.122187,13500.898680000002,6591.482472,6092.462102,2936.450341,643.6209279,2274.819322
YPFB,BOL,2014-01-01,,8759.839048,10427.14953,9252.653157,1667.310483,15019.99797,6378.323745000002,6134.479405,3198.925079,642.157012,2324.649106
YPFB,BOL,2015-01-01,,6022.506534,6812.095976000001,6310.95682,789.5894423999997,14438.77756,5021.814554,5263.109089000001,2309.84059,429.241239,1710.584644
YPFB,BOL,2016-01-01,,,,,,,,,,,
YPFB,BOL,2017-01-01,,,,,,,,,,,
