country,country_iso,region,year,gdp_usd_billion,govt_revenue_usd_million,govt_expenditure_usd_million,govt_gross_debt_usd_million,govt_resource_revenue_usd_million,fx_rate,population,net_oda_&_official_aid_recieved_usd_current
Algeria,DZA,Middle East/North Africa,2011-01-01,200.25099999999998,80045.39936,80254.16604,18623.343,54565.216570000004,72.93788333,3.6661444e+07,1.9335e+08
Algeria,DZA,Middle East/North Africa,2012-01-01,209.016,81759.97892000001,91030.95381,19438.488,53959.02902,77.53596667,3.7383887e+07,1.4732e+08
Algeria,DZA,Middle East/North Africa,2013-01-01,209.755,75061.93901,75900.87491,15941.38,46347.21046,79.3684,3.8140132e+07,2.0342e+08
Algeria,DZA,Middle East/North Africa,2014-01-01,213.81,71210.44954,86818.74375,16463.37,42079.72611,80.57901667,3.8923687e+07,1.6062e+08
Algeria,DZA,Middle East/North Africa,2015-01-01,165.87400000000002,50696.82525,76037.56096,14596.912,23431.25929,100.6914333,3.9728025e+07,8.749e+07
Algeria,DZA,Middle East/North Africa,2016-01-01,159.049,45791.6719,66678.44956000001,32764.093999999997,15969.4935,109.44306670000002,4.0551404e+07,1.5793e+08
Algeria,DZA,Middle East/North Africa,2017-01-01,178.287,53282.57425,64762.049510000004,45998.045999999995,,110.97301670000002,4.1389198e+07,1.8919e+08
Angola,AGO,Sub-Saharan Africa,2011-01-01,104.116,50845.39002,41811.43826,35191.208,40634.61106,93.93475,2.4220661e+07,1.9294e+08
Angola,AGO,Sub-Saharan Africa,2012-01-01,113.92299999999999,52937.165960000006,47647.04534,34062.977,42998.92057,95.46795542,2.5107931e+07,2.4361e+08
Angola,AGO,Sub-Saharan Africa,2013-01-01,124.913,50235.13708,50650.44701,41096.377,37609.44816,96.51827948,2.601578e+07,2.8554e+08
Angola,AGO,Sub-Saharan Africa,2014-01-01,126.73,44786.7015,53121.94926,51579.11,30212.894089999998,98.30241686,2.6941779e+07,2.3539e+08
Angola,AGO,Sub-Saharan Africa,2015-01-01,102.62100000000001,28042.01502,31431.66705,66293.166,15860.3222,120.0607017,2.7884381e+07,3.8006e+08
Angola,AGO,Sub-Saharan Africa,2016-01-01,95.337,17719.8655,22290.86818,76078.92599999999,,163.6564341,2.8842484e+07,2.0653e+08
Angola,AGO,Sub-Saharan Africa,2017-01-01,124.209,20443.6161,27374.281860000003,81108.477,,165.9159507,2.9816748e+07,2.2322e+08
Argentina,ARG,Latin America/Caribbean,2011-01-01,527.644,170479.3686,185030.6993,197866.5,,4.110139576,4.126149e+07,9.518e+07
Argentina,ARG,Latin America/Caribbean,2012-01-01,579.6659999999999,196543.2888,214085.9715,225490.074,,4.53693436,4.1733271e+07,1.7776e+08
Argentina,ARG,Latin America/Caribbean,2013-01-01,611.471,210668.5665,230618.5508,254983.407,,5.459352665,4.2202935e+07,3.473e+07
Argentina,ARG,Latin America/Caribbean,2014-01-01,563.614,196202.2105,220310.241,245735.704,,8.075275993,4.26695e+07,4.879e+07
Argentina,ARG,Latin America/Caribbean,2015-01-01,642.464,228158.9593,265480.8564,353997.664,,9.233185525,4.3131966e+07,-1.887e+07
Argentina,ARG,Latin America/Caribbean,2016-01-01,554.107,194578.3935,229852.6058,295339.031,,14.75817509,4.3590368e+07,2.62e+06
Argentina,ARG,Latin America/Caribbean,2017-01-01,637.717,217160.6982,258323.0519,335439.142,,16.56270693,4.4044811e+07,-4.93e+06
Azerbaijan,AZE,Eurasia,2011-01-01,65.99,29411.675730000003,22249.338780000002,7390.88,22460.01112,0.7896863890000001,9.173082e+06,2.8747e+08
Azerbaijan,AZE,Eurasia,2012-01-01,69.687,28110.64816,25528.05794,9616.806,20957.71866,0.785645349,9.295784e+06,2.8679e+08
Azerbaijan,AZE,Eurasia,2013-01-01,74.16,29236.200269999998,28017.6535,9344.16,21211.686690000002,0.784541075,9.416801e+06,-7.083e+07
Azerbaijan,AZE,Eurasia,2014-01-01,75.24,29430.83263,27367.97147,10834.56,19709.8432,0.7843475000000001,9.535079e+06,2.1674e+08
Azerbaijan,AZE,Eurasia,2015-01-01,50.843999999999994,17974.478180000002,20528.73586,17795.4,9900.666808,1.0245638190000002,9.649341e+06,6.962e+07
Azerbaijan,AZE,Eurasia,2016-01-01,37.81,12962.78772,13405.847459999999,19169.67,,1.595721573,9.757812e+06,7.751e+07
Azerbaijan,AZE,Eurasia,2017-01-01,40.67,14858.04761,14493.757309999999,22246.49,,1.7211548019999998,9.854033e+06,1.1551e+08
Bahrain,BHR,Middle East/North Africa,2011-01-01,28.776999999999997,7561.170212999999,7986.702128,9438.856,6680.61242,0.376,1.278151e+06,
Bahrain,BHR,Middle East/North Africa,2012-01-01,30.749000000000002,8119.680851000001,9813.829787,11131.138,7035.480084000001,0.376,1.299943e+06,
Bahrain,BHR,Middle East/North Africa,2013-01-01,32.539,8005.319148999999,11170.21277,14284.621000000001,6991.404366,0.376,1.315029e+06,
Bahrain,BHR,Middle East/North Africa,2014-01-01,33.388000000000005,8335.106383,9486.702128,14824.271999999999,,0.376,1.336075e+06,
Bahrain,BHR,Middle East/North Africa,2015-01-01,31.125999999999998,5654.255319,11380.31915,20543.16,,0.376,1.371851e+06,
Bahrain,BHR,Middle East/North Africa,2016-01-01,32.176,5659.574468,11428.191490000001,26223.44,,0.376,1.425791e+06,
Bahrain,BHR,Middle East/North Africa,2017-01-01,34.895,6465.425532,11750,31510.185,,0.376,1.494074e+06,
Bangladesh,BGD,Asia-Pacific,2011-01-01,131.079,12798.22366,17231.067369999997,47974.914000000004,,74.1524,1.49273778e+08,1.49468e+09
Bangladesh,BGD,Asia-Pacific,2012-01-01,141.705,14495.53464,18334.65991,51297.21,,81.86265833,1.51007807e+08,2.15405e+09
Bangladesh,BGD,Asia-Pacific,2013-01-01,161.297,17236.904459999998,22426.85594,57744.325999999994,,78.103235,1.52764676e+08,2.63359e+09
Bangladesh,BGD,Asia-Pacific,2014-01-01,184.013,18898.93591,24223.67188,64956.58900000001,,77.64140833,1.54520167e+08,2.42264e+09
Bangladesh,BGD,Asia-Pacific,2015-01-01,208.322,19046.68231,26776.55913,67496.328,,77.94690833,1.56256276e+08,2.57013e+09
Bangladesh,BGD,Asia-Pacific,2016-01-01,235.623,22219.70297,29625.21113,75634.983,,78.65361667,1.5797084e+08,2.50505e+09
Bangladesh,BGD,Asia-Pacific,2017-01-01,261.374,25103.70106,33306.835889999995,84685.17599999999,,80.43754167,1.59670593e+08,3.74001e+09
Bolivia,BOL,Latin America/Caribbean,2011-01-01,24.135,8671.66285,8472.440207,8519.655,2490.17653,6.9369625,1.0212954e+07,7.2347e+08
Bolivia,BOL,Latin America/Caribbean,2012-01-01,27.281999999999996,10236.6136,9760.781476,9657.828000000001,3521.850092,6.91,1.0377676e+07,6.6172e+08
Bolivia,BOL,Latin America/Caribbean,2013-01-01,30.883000000000003,11983.93632,11782.63386,11148.763,4139.870379,6.91,1.0542376e+07,7.023e+08
Bolivia,BOL,Latin America/Caribbean,2014-01-01,33.236999999999995,13163.24168,14273.08249,12297.69,4190.442358,6.91,1.0706517e+07,6.7456e+08
Bolivia,BOL,Latin America/Caribbean,2015-01-01,33.241,12436.6136,14714.90593,13495.846000000001,3002.609792,6.91,1.086973e+07,7.9131e+08
Bolivia,BOL,Latin America/Caribbean,2016-01-01,34.053000000000004,11208.683070000001,13447.46744,15732.486,1389.292031,6.91,1.1031813e+07,6.9645e+08
Bolivia,BOL,Latin America/Caribbean,2017-01-01,37.122,11686.39653,14380.4631,18895.098,,6.91,1.1192854e+07,9.4694e+08
Brazil,BRA,Latin America/Caribbean,2011-01-01,2613.859,918492.7,983032.4801,1.599681708e+06,,1.672828755,1.97514534e+08,8.2107e+08
Brazil,BRA,Latin America/Caribbean,2012-01-01,2464.183,855638.6552,917753.7286,1.532721826e+06,,1.953068611,1.99287296e+08,1.28854e+09
Brazil,BRA,Latin America/Caribbean,2013-01-01,2471.173,852905.8267,925974.6977,1.487646146e+06,,2.1560891509999998,2.01035903e+08,1.15573e+09
Brazil,BRA,Latin America/Caribbean,2014-01-01,2455.7070000000003,797919.8172,929411.2394,1.529905461e+06,,2.352951963,2.02763735e+08,9.1415e+08
Brazil,BRA,Latin America/Caribbean,2015-01-01,1799.705,506099.9074,692210.1555,1.30658583e+06,,3.326904383,2.04471769e+08,1.00315e+09
Brazil,BRA,Latin America/Caribbean,2016-01-01,1793.066,546803.0994,708283.8753,1.405763744e+06,,3.4913134219999997,2.06163058e+08,6.7463e+08
Brazil,BRA,Latin America/Caribbean,2017-01-01,2054.969,618844.8741,779532.5647,1.72617396e+06,,3.191389446,2.07833831e+08,2.6506e+08
Brunei,BRN,Asia-Pacific,2011-01-01,18.525,10251.9012,5502.765206,389.025,6430.558868,1.25791302,393688,
Brunei,BRN,Asia-Pacific,2012-01-01,19.047,8899.082525,5903.644945,399.98699999999997,9619.482234000001,1.2495670159999999,398989,
Brunei,BRN,Asia-Pacific,2013-01-01,18.092,8425.742693,6075.9339740000005,398.024,8256.074169,1.25116567,404421,
Brunei,BRN,Asia-Pacific,2014-01-01,17.098,6439.41723,5828.544704999999,547.136,6716.7799319999995,1.267040123,409769,
Brunei,BRN,Asia-Pacific,2015-01-01,12.931,3123.111594,5000.324222,387.93,4470.143282999999,1.374910845,414907,
Brunei,BRN,Asia-Pacific,2016-01-01,11.399000000000001,2006.7370809999998,4455.796081,341.97,1995.119095,1.381346877,419800,
Brunei,BRN,Asia-Pacific,2017-01-01,12.743,2488.972404,4064.766396,344.061,,1.3808911640000001,424473,
Cameroon,CMR,Sub-Saharan Africa,2011-01-01,29.364,4768.630196,5459.37274,4610.148,1403.8413369999998,471.8661141,2.0906388e+07,6.1208e+08
Cameroon,CMR,Sub-Saharan Africa,2012-01-01,29.121,4751.5868,5172.563443,4484.634,1090.816676,510.5271359,2.1485266e+07,5.9717e+08
Cameroon,CMR,Sub-Saharan Africa,2013-01-01,32.358000000000004,5278.132949,6476.717993,5889.156,1151.694062,494.04003739999996,2.2077298e+07,7.5196e+08
Cameroon,CMR,Sub-Saharan Africa,2014-01-01,34.999,5804.945792,7262.310695,7524.785,1154.07854,494.4149529,2.2681858e+07,8.5612e+08
Cameroon,CMR,Sub-Saharan Africa,2015-01-01,30.932,5094.624244,6461.6285100000005,9557.988000000001,753.3651743,591.4495075,2.3298368e+07,6.6308e+08
Cameroon,CMR,Sub-Saharan Africa,2016-01-01,32.23,4833.265616,6819.877367,10152.45,591.737256,593.0081704,2.3926539e+07,7.5705e+08
Cameroon,CMR,Sub-Saharan Africa,2017-01-01,34.006,5068.444635,6523.502065,11494.028,,582.0945501,2.4566045e+07,1.2126e+09
Chad,TCD,Sub-Saharan Africa,2011-01-01,12.17,3013.062302,2722.119605,3724.02,2152.937845,471.8661141,1.2360989e+07,4.5766e+08
Chad,TCD,Sub-Saharan Africa,2012-01-01,12.404000000000002,3020.572055,2961.862149,3572.3520000000003,1992.1891899999998,510.5271359,1.278475e+07,4.7513e+08
Chad,TCD,Sub-Saharan Africa,2013-01-01,12.99,2694.2006699999997,2962.440064,3961.95,1511.348834,494.04003739999996,1.3220424e+07,4.5934e+08
Chad,TCD,Sub-Saharan Africa,2014-01-01,13.981,2488.112451,3072.763053,5802.115,1222.539129,494.4149529,1.3663559e+07,3.9193e+08
Chad,TCD,Sub-Saharan Africa,2015-01-01,10.946,1528.103394,2007.620236,4794.348,427.2047474,591.4495075,1.4110975e+07,6.0665e+08
Chad,TCD,Sub-Saharan Africa,2016-01-01,10.091000000000001,1267.606481,1465.0219730000001,5287.684,274.34964310000004,593.0081704,1.4561666e+07,6.2446e+08
Chad,TCD,Sub-Saharan Africa,2017-01-01,9.872,1391.7172039999998,1478.398999,5182.8,,582.0945501,1.5016773e+07,6.4783e+08
China,CHN,Asia-Pacific,2011-01-01,7522.103,2.024480739e+06,2.031830469e+06,2.527426608e+06,,6.461461327,1.34413e+09,-6.0294e+08
China,CHN,Asia-Pacific,2012-01-01,8570.348,2.378841929e+06,2.404606889e+06,2.9396293639999996e+06,,6.3123328270000005,1.350695e+09,-1.8053e+08
China,CHN,Asia-Pacific,2013-01-01,9635.025,2.669189965e+06,2.749339798e+06,3.56495925e+06,,6.195758346,1.35738e+09,-6.5655e+08
China,CHN,Asia-Pacific,2014-01-01,10534.526000000002,2.955674745e+06,3.051300415e+06,4.203275874e+06,,6.143434094,1.36427e+09,-9.4707e+08
China,CHN,Asia-Pacific,2015-01-01,11226.186000000002,3.203373631e+06,3.516170988e+06,4.613962446e+06,,6.227488673,1.37122e+09,-3.3227e+08
China,CHN,Asia-Pacific,2016-01-01,11221.836000000001,3.167733348e+06,3.583358333e+06,4.971273348e+06,,6.6444778289999995,1.378665e+09,-7.9153e+08
China,CHN,Asia-Pacific,2017-01-01,12014.61,3.3123296689999998e+06,3.787285184e+06,5.74298358e+06,,6.758755086,1.386395e+09,-1.04504e+09
Colombia,COL,Latin America/Caribbean,2011-01-01,335.43699999999995,89652.42326,96327.75334,119751.009,12012.080259999999,1848.1394699999998,4.5663099e+07,1.01769e+09
Colombia,COL,Latin America/Caribbean,2012-01-01,369.43,104798.3518,104498.6823,125975.63,16138.94272,1796.8959120000002,4.6076848e+07,7.6425e+08
Colombia,COL,Latin America/Caribbean,2013-01-01,380.17,106948.87,110217.2689,143704.26,18629.48087,1868.785327,4.6497267e+07,8.5749e+08
Colombia,COL,Latin America/Caribbean,2014-01-01,378.32300000000004,104653.7488,111349.2188,165327.15099999998,15128.52805,2001.781048,4.6969209e+07,1.22417e+09
Colombia,COL,Latin America/Caribbean,2015-01-01,291.53,76896.46274,86844.23453,147514.18,5830.3043,2741.880855,4.7520667e+07,1.35586e+09
Colombia,COL,Latin America/Caribbean,2016-01-01,279.987,70297.06049,78566.36594,141953.409,3080.8857420000004,3054.121673,4.8171392e+07,1.1065e+09
Colombia,COL,Latin America/Caribbean,2017-01-01,309.197,79238.52562999999,88812.10528999999,152743.318,,2951.327402,4.8901066e+07,8.4485e+08
Congo (Rep.),COG,Sub-Saharan Africa,2011-01-01,14.811,6133.095625,3855.330878,3525.018,4716.630654,471.8661141,4.394844e+06,2.6124e+08
Congo (Rep.),COG,Sub-Saharan Africa,2012-01-01,13.664000000000001,5828.8772340000005,4807.961864,3907.9040000000005,4494.619047,510.5271359,4.510198e+06,1.4013e+08
Congo (Rep.),COG,Sub-Saharan Africa,2013-01-01,14.026,6322.479482,7018.676093000001,4796.892,4666.652416,494.04003739999996,4.622761e+06,1.5099e+08
Congo (Rep.),COG,Sub-Saharan Africa,2014-01-01,14.099,5584.028121,7935.401179,6711.124,4019.012296,494.4149529,4.736974e+06,1.0618e+08
Congo (Rep.),COG,Sub-Saharan Africa,2015-01-01,8.554,2216.079282,4545.6120359999995,8305.934000000001,,591.4495075,4.856095e+06,8.88e+07
Congo (Rep.),COG,Sub-Saharan Africa,2016-01-01,7.787000000000001,2135.889627,3891.2077689999996,8923.902,,593.0081704,4.980999e+06,8.784e+07
Congo (Rep.),COG,Sub-Saharan Africa,2017-01-01,8.513,1961.7431559999998,2573.575031,10138.983,,582.0945501,5.110702e+06,1.0797e+08
Cote d'Ivoire,CIV,Sub-Saharan Africa,2011-01-01,25.693,3657.520531,4682.67361,17779.556,,471.8661141,2.1028655e+07,1.43771e+09
Cote d'Ivoire,CIV,Sub-Saharan Africa,2012-01-01,26.805,5134.614432,5977.646995,12062.25,,510.5271359,2.1547188e+07,2.90835e+09
Cote d'Ivoire,CIV,Sub-Saharan Africa,2013-01-01,31.274,6152.353594,6852.8535,13572.916000000001,,494.04003739999996,2.2087505e+07,1.27346e+09
Cote d'Ivoire,CIV,Sub-Saharan Africa,2014-01-01,35.373000000000005,6661.266979999999,7426.858712,15847.104,,494.4149529,2.2647683e+07,9.2504e+08
Cote d'Ivoire,CIV,Sub-Saharan Africa,2015-01-01,33.148,6622.394558,7557.625703,15679.003999999999,,591.4495075,2.3226143e+07,6.5306e+08
Cote d'Ivoire,CIV,Sub-Saharan Africa,2016-01-01,36.375,7043.103634,8456.134755,17096.25,,593.0081704,2.3822714e+07,6.1626e+08
Cote d'Ivoire,CIV,Sub-Saharan Africa,2017-01-01,40.36,7693.275944,9411.259731999999,18727.04,,582.0945501,2.4437469e+07,8.2745e+08
Cuba,CUB,Latin America/Caribbean,2011-01-01,,,,,,,1.123667e+07,8.728e+07
Cuba,CUB,Latin America/Caribbean,2012-01-01,,,,,,,1.1257101e+07,8.576e+07
Cuba,CUB,Latin America/Caribbean,2013-01-01,,,,,,,1.128272e+07,9.946e+07
Cuba,CUB,Latin America/Caribbean,2014-01-01,,,,,,,1.1306902e+07,2.6154e+08
Cuba,CUB,Latin America/Caribbean,2015-01-01,,,,,,,1.1324781e+07,5.5273e+08
Cuba,CUB,Latin America/Caribbean,2016-01-01,,,,,,,1.1335109e+07,2.67775e+09
Cuba,CUB,Latin America/Caribbean,2017-01-01,,,,,,,1.1339259e+07,7.1778e+08
Dem. Rep. of Congo,COD,Sub-Saharan Africa,2011-01-01,24.575,3359.1062799999995,3591.531535,6020.875,340.4817182,919.4913,6.6755153e+07,5.52646e+09
Dem. Rep. of Congo,COD,Sub-Saharan Africa,2012-01-01,27.566,4538.403079,3996.3565659999995,6257.482,757.3255081,919.7550167000002,6.9020747e+07,2.84617e+09
Dem. Rep. of Congo,COD,Sub-Saharan Africa,2013-01-01,32.676,4779.064736,4141.044127,6535.2,408.65526789999996,919.5659073999999,7.1358807e+07,2.58401e+09
Dem. Rep. of Congo,COD,Sub-Saharan Africa,2014-01-01,35.918,6679.330361,6639.626561,6285.65,238.22712099999998,925.2262824999999,7.3767447e+07,2.40002e+09
Dem. Rep. of Congo,COD,Sub-Saharan Africa,2015-01-01,38.402,6439.067857,6533.855573,6182.722,332.22337389999996,925.9849613,7.6244544e+07,2.59904e+09
Dem. Rep. of Congo,COD,Sub-Saharan Africa,2016-01-01,39.324,4890.870548,5312.499607,6606.432,,1010.302757,7.8789127e+07,2.10221e+09
Dem. Rep. of Congo,COD,Sub-Saharan Africa,2017-01-01,41.441,4130.418557,5141.787625999999,6506.236999999999,,1464.417932,8.1398764e+07,2.28021e+09
Denmark,DNK,Western Europe,2011-01-01,344.00300000000004,187046.7417,194118.6434,158585.383,,5.368711535,5.570572e+06,
Denmark,DNK,Western Europe,2012-01-01,327.149,178179.9497,189598.9017,146889.90099999998,,5.7924755370000005,5.591572e+06,
Denmark,DNK,Western Europe,2013-01-01,343.584,187544.6127,191790.1036,151176.96,,5.616311686,5.614932e+06,
Denmark,DNK,Western Europe,2014-01-01,352.994,198954.7674,194915.0106,154964.366,,5.6124666670000005,5.643475e+06,
Denmark,DNK,Western Europe,2015-01-01,301.29900000000004,160612.0636,165044.1999,119314.40400000001,,6.727906831,5.683483e+06,
Denmark,DNK,Western Europe,2016-01-01,306.9,163230.5391,164485.0479,115701.3,,6.731718257000001,5.72801e+06,
Denmark,DNK,Western Europe,2017-01-01,324.48400000000004,168978.7978,169278.9693,118112.17599999999,,6.602893466,5.76498e+06,
Ecuador,ECU,Latin America/Caribbean,2011-01-01,79.277,31190,31290,16965.278000000002,,1,1.5243883e+07,1.6456e+08
Ecuador,ECU,Latin America/Caribbean,2012-01-01,87.925,34570,35394,18112.55,,1,1.5474102e+07,1.4806e+08
Ecuador,ECU,Latin America/Caribbean,2013-01-01,95.13,37260,41607,20072.43,,1,1.5707474e+07,1.5052e+08
Ecuador,ECU,Latin America/Caribbean,2014-01-01,101.726,39032,44346,27567.746,,1,1.5951838e+07,1.6505e+08
Ecuador,ECU,Latin America/Caribbean,2015-01-01,99.29,33586,38812,33560.02,,1,1.621202e+07,3.1816e+08
Ecuador,ECU,Latin America/Caribbean,2016-01-01,98.61399999999999,30314,38540,42305.405999999995,,1,1.6491115e+07,2.4371e+08
Ecuador,ECU,Latin America/Caribbean,2017-01-01,102.311,32741,38214,46039.95,,1,1.6785361e+07,2.0308e+08
Egypt,EGY,Middle East/North Africa,2011-01-01,247.726,50904.73173,74232.8997,180344.52800000002,13576.411769999999,5.932827652,8.452925e+07,4.2373e+08
Egypt,EGY,Middle East/North Africa,2012-01-01,278.769,57605.785939999994,85272.79157,205731.522,13319.70973,6.056058332999999,8.642224e+07,1.81343e+09
Egypt,EGY,Middle East/North Africa,2013-01-01,288.007,58743.80033,93747.9668,241925.88,14898.240930000002,6.870325,8.840464e+07,5.51251e+09
Egypt,EGY,Middle East/North Africa,2014-01-01,305.567,73393.01058,107359.5683,260037.517,14637.022159999999,7.077608561,9.0424654e+07,3.5376e+09
Egypt,EGY,Middle East/North Africa,2015-01-01,332.075,70001.54938,104744.3689,293886.375,13612.31741,7.6912583329999995,9.2442547e+07,2.49943e+09
Egypt,EGY,Middle East/North Africa,2016-01-01,332.48400000000004,58124.958020000005,87053.17806,321844.512,9800.951163,10.02540079,9.4447072e+07,2.13033e+09
Egypt,EGY,Middle East/North Africa,2017-01-01,237.07299999999998,41717.621360000005,63954.44153,244896.40899999999,,17.78253352,9.6442593e+07,-1.137e+08
Equatorial Guinea,GNQ,Sub-Saharan Africa,2011-01-01,21.329,6041.993512,5863.98963,1535.6879999999999,5478.248944,471.8661141,986853,2.455e+07
Equatorial Guinea,GNQ,Sub-Saharan Africa,2012-01-01,22.39,6260.343036,7881.0658969999995,1589.69,5476.692854,510.5271359,1.031191e+06,1.445e+07
Equatorial Guinea,GNQ,Sub-Saharan Africa,2013-01-01,21.943,5457.193336,6423.386283,1382.4089999999999,4685.855396,494.04003739999996,1.076413e+06,4.63e+06
Equatorial Guinea,GNQ,Sub-Saharan Africa,2014-01-01,21.462,5229.135941,6868.2793280000005,2725.6740000000004,4637.804068,494.4149529,1.122276e+06,520000
Equatorial Guinea,GNQ,Sub-Saharan Africa,2015-01-01,12.162,3501.1221979999996,5489.254719,4426.968,2926.707313,591.4495075,1.168568e+06,7.49e+06
Equatorial Guinea,GNQ,Sub-Saharan Africa,2016-01-01,10.177999999999999,1904.0783190000002,3124.89455,4875.262,1450.233143,593.0081704,1.215179e+06,6.92e+06
Equatorial Guinea,GNQ,Sub-Saharan Africa,2017-01-01,10.725,2119.702031,2434.98758,4579.575,,582.0945501,1.262001e+06,6.92e+06
Gabon,GAB,Sub-Saharan Africa,2011-01-01,18.203,4270.806781,3953.888496,3895.442,2907.604341,471.8661141,1.684635e+06,6.945e+07
Gabon,GAB,Sub-Saharan Africa,2012-01-01,17.180999999999997,5177.836425,4112.488547999999,3676.7340000000004,2998.861451,510.5271359,1.749682e+06,6.885e+07
Gabon,GAB,Sub-Saharan Africa,2013-01-01,17.596,5559.626329,6099.503626,5472.356,2720.427636,494.04003739999996,1.817071e+06,8.721e+07
Gabon,GAB,Sub-Saharan Africa,2014-01-01,18.209,5405.758836,4318.680063000001,6209.269,2673.8671440000003,494.4149529,1.8838e+06,1.1127e+08
Gabon,GAB,Sub-Saharan Africa,2015-01-01,14.385,3038.805472,3199.4278059999997,6430.095,1011.3548710000001,591.4495075,1.947686e+06,9.878e+07
Gabon,GAB,Sub-Saharan Africa,2016-01-01,14.02,2401.730821,3061.8161609999997,9000.84,723.4503106000001,593.0081704,2.007873e+06,4.15e+07
Gabon,GAB,Sub-Saharan Africa,2017-01-01,15.206,2634.1648440000004,2914.071261,9290.866,,582.0945501,2.064823e+06,1.0635e+08
Ghana,GHA,Sub-Saharan Africa,2011-01-01,39.565,7567.549690999999,10514.2706,16854.69,613.2768712000001,1.51185,2.538771e+07,1.80387e+09
Ghana,GHA,Sub-Saharan Africa,2012-01-01,41.93899999999999,7759.700786,12494.593920000001,20088.781000000003,714.3179762999999,1.795816667,2.5996449e+07,1.79929e+09
Ghana,GHA,Sub-Saharan Africa,2013-01-01,47.806000000000004,7998.771781999999,13737.1101,27345.032000000003,1086.58483,1.95405,2.6607642e+07,1.32817e+09
Ghana,GHA,Sub-Saharan Africa,2014-01-01,38.774,7198.489538,11473.30396,27219.347999999998,929.2104220000001,2.899775,2.7224472e+07,1.12313e+09
Ghana,GHA,Sub-Saharan Africa,2015-01-01,36.885,7312.927256,9318.093524,26630.97,720.4280908,3.668025,2.7849205e+07,1.76869e+09
Ghana,GHA,Sub-Saharan Africa,2016-01-01,42.787,7382.730573999999,11171.671190000001,31405.658,,3.9098,2.8481946e+07,1.31622e+09
Ghana,GHA,Sub-Saharan Africa,2017-01-01,47.032,8224.549681999999,10582.367320000001,33768.976,,4.350633333,2.9121471e+07,1.2567e+09
India,IND,Asia-Pacific,2011-01-01,1823.0520000000001,361119.8088,517409.0967,1.268844192e+06,,46.67046667,1.250288729e+09,3.27022e+09
India,IND,Asia-Pacific,2012-01-01,1827.6370000000002,368719.5944,509207.5937,1.2628971670000001e+06,,53.43723333,1.26578279e+09,1.68185e+09
India,IND,Asia-Pacific,2013-01-01,1856.721,375748.7983,509935.2167,1.271853885e+06,,58.59784542,1.280846129e+09,2.45634e+09
India,IND,Asia-Pacific,2014-01-01,2039.1270000000002,391226.4781,537614.0264,1.382528106e+06,,61.02951446,1.295604184e+09,2.99182e+09
India,IND,Asia-Pacific,2015-01-01,2102.3920000000003,434637.9869,585439.5578,1.463264832e+06,,64.15194446,1.310152403e+09,3.17435e+09
India,IND,Asia-Pacific,2016-01-01,2273.556,473591.3514,624611.7214,1.566480084e+06,,67.19531281,1.324509589e+09,2.67889e+09
India,IND,Asia-Pacific,2017-01-01,2611.012,538097.7106,716610.9474,1.832930424e+06,,65.12156865,1.338658835e+09,3.09364e+09
Indonesia,IDN,Asia-Pacific,2011-01-01,892.59,151895.5071,158172.4716,206188.29,30443.19372,8770.433332999999,2.45116206e+08,4.0204e+08
Indonesia,IDN,Asia-Pacific,2012-01-01,919.002,158326.5533,172888.1814,211370.46,30788.47516,9386.629167000001,2.48452413e+08,6.901e+07
Indonesia,IDN,Asia-Pacific,2013-01-01,916.6460000000001,153891.8791,174120.4522,227328.208,27912.56103,10461.24,2.51806402e+08,6.947e+07
Indonesia,IDN,Asia-Pacific,2014-01-01,891.051,146633.2553,165747.1777,220089.59699999998,25621.11979,11865.2113,2.55129004e+08,-3.8194e+08
Indonesia,IDN,Asia-Pacific,2015-01-01,860.7410000000001,128049.1044,150461.4942,236703.775,9559.791826,13389.41294,2.58383256e+08,-3.34e+07
Indonesia,IDN,Asia-Pacific,2016-01-01,932.445,133614.714,156783.7379,263881.935,6086.41501,13308.3268,2.61554226e+08,-1.1084e+08
Indonesia,IDN,Asia-Pacific,2017-01-01,1015.4110000000001,141932.7228,167218.3035,293453.779,,13380.87167,2.64645886e+08,2.3357e+08
Iran,IRN,Middle East/North Africa,2011-01-01,577.214,113383.5308,109744.5875,51372.045999999995,61325.38741,10616.30664,7.4634956e+07,1.0579e+08
Iran,IRN,Middle East/North Africa,2012-01-01,389.199,83429.75551,85355.99928999999,47093.079000000005,36083.671910000005,12175.54722,7.5539862e+07,1.5179e+08
Iran,IRN,Middle East/North Africa,2013-01-01,396.408,72051.28274,76849.30872,42415.655999999995,31676.70844,18414.44801,7.6481943e+07,1.3161e+08
Iran,IRN,Middle East/North Africa,2014-01-01,423.409,61938.967789999995,66885.26959,49962.262,23752.988419999998,25941.66414,7.7465753e+07,8.117e+07
Iran,IRN,Middle East/North Africa,2015-01-01,375.404,61844.08711,68607.38988,156168.064,23698.50501,29011.49138,7.8492215e+07,1.109e+08
Iran,IRN,Middle East/North Africa,2016-01-01,404.44699999999995,71117.91992,80453.23862,197774.583,,30914.85244,7.9564016e+07,1.1619e+08
Iran,IRN,Middle East/North Africa,2017-01-01,431.92,69582.29784,79949.64675,176655.28,,33226.29815,8.0673951e+07,1.4028e+08
Iraq ,IRQ,Middle East/North Africa,2011-01-01,185.75,89370.92991,80558.11624,75600.25,79829.05887000001,1170,3.07253e+07,1.91469e+09
Iraq ,IRQ,Middle East/North Africa,2012-01-01,218.032,102429.03300000001,93503.91167999999,75875.136,93811.63113,1166.166667,3.1890011e+07,1.30088e+09
Iraq ,IRQ,Middle East/North Africa,2013-01-01,234.638,98985.89537,112557.6364,73207.056,90913.23484,1166,3.315705e+07,1.54154e+09
Iraq ,IRQ,Middle East/North Africa,2014-01-01,234.65099999999998,89524.61664,102084.0592,75088.32,84904.7232,1166,3.4411951e+07,1.36927e+09
Iraq ,IRQ,Middle East/North Africa,2015-01-01,179.838,54354.7727,76466.69846,99090.73800000001,49688.03247,1167.333333,3.5572261e+07,1.48294e+09
Iraq ,IRQ,Middle East/North Africa,2016-01-01,171.71599999999998,46952.438239999996,70742.89255,110585.104,,1182,3.6610632e+07,2.2879e+09
Iraq ,IRQ,Middle East/North Africa,2017-01-01,197.699,64900.2973,69521.45101,114665.42,,1184,3.7552781e+07,2.90747e+09
Jamaica,JAM,Latin America/Caribbean,2011-01-01,14.408,3754.1945619999997,4694.14903,20228.832,,85.89245833,2.825929e+06,3.939e+07
Jamaica,JAM,Latin America/Caribbean,2012-01-01,14.759,3883.542081,4498.8707939999995,21415.308999999997,,88.75093736,2.842132e+06,2.806e+07
Jamaica,JAM,Latin America/Caribbean,2013-01-01,14.202,3960.2735380000004,3942.91538,19953.81,,100.2410556,2.858709e+06,7.159e+07
Jamaica,JAM,Latin America/Caribbean,2014-01-01,13.864,3711.342205,3781.428588,19368.008,,110.93452920000001,2.875136e+06,9.599e+07
Jamaica,JAM,Latin America/Caribbean,2015-01-01,14.142999999999999,3899.447365,3941.227525,17155.459,,116.8975902,2.891021e+06,5.907e+07
Jamaica,JAM,Latin America/Caribbean,2016-01-01,14.002,3996.001915,4023.788789,15948.278,,125.0950352,2.906238e+06,2.685e+07
Jamaica,JAM,Latin America/Caribbean,2017-01-01,14.359000000000002,4321.970617,4313.968401,14947.719,,127.9645442,2.920853e+06,5.879e+07
Kazakhstan,KAZ,Eurasia,2011-01-01,192.62599999999998,52095.73446,40902.14101,19647.852,27567.711789999998,146.62083330000002,1.6557201e+07,2.0082e+08
Kazakhstan,KAZ,Eurasia,2012-01-01,207.99900000000002,54792.86445,45576.68874,25167.879,27335.06545,149.1125,1.6792089e+07,1.3186e+08
Kazakhstan,KAZ,Eurasia,2013-01-01,236.635,58577.320810000005,46874.09493,29816.01,27279.44413,152.12916669999998,1.703555e+07,9.076e+07
Kazakhstan,KAZ,Eurasia,2014-01-01,221.416,52568.76157,47073.472539999995,32105.32,25034.64161,179.19166669999998,1.7288285e+07,9.28e+07
Kazakhstan,KAZ,Eurasia,2015-01-01,184.388,30628.77395,42163.83562,40380.972,12100.39482,221.7283333,1.7542806e+07,8.25e+07
Kazakhstan,KAZ,Eurasia,2016-01-01,133.668,22135.71429,29477.10136,28070.28,5652.32615,342.16,1.7794055e+07,6.358e+07
Kazakhstan,KAZ,Eurasia,2017-01-01,160.839,29921.25582,40098.70856,34097.867999999995,,326.0010227,1.8037776e+07,5.914e+07
Kenya,KEN,Sub-Saharan Africa,2011-01-01,41.672,8162.084398999999,9889.307347,17918.96,,88.81076997,4.3178257e+07,2.47882e+09
Kenya,KEN,Sub-Saharan Africa,2012-01-01,50.422,9651.175245999999,12187.82508,22135.257999999998,,84.52960176,4.434341e+07,2.65366e+09
Kenya,KEN,Sub-Saharan Africa,2013-01-01,55.126000000000005,10853.92188,13992.48394,24255.44,,86.12287890000002,4.5519889e+07,3.30684e+09
Kenya,KEN,Sub-Saharan Africa,2014-01-01,61.544,12142.20572,16683.35874,29910.384,,87.92216381,4.6699981e+07,2.66103e+09
Kenya,KEN,Sub-Saharan Africa,2015-01-01,63.995,12228.976509999999,17406.62989,33021.42,,98.17845333,4.7878336e+07,2.46418e+09
Kenya,KEN,Sub-Saharan Africa,2016-01-01,70.527,13288.77768,19149.628819999998,37731.945,,101.5043695,4.9051686e+07,2.18774e+09
Kenya,KEN,Sub-Saharan Africa,2017-01-01,79.51100000000001,14879.239480000002,21606.60496,44208.115999999995,,103.37389909999999,5.0221473e+07,2.47476e+09
Kuwait,KWT,Middle East/North Africa,2011-01-01,154.02,111432.414,60164.0101,7084.92,72100.77087000001,0.275978944,3.16806e+06,
Kuwait,KWT,Middle East/North Africa,2012-01-01,174.06599999999997,123996.3948,67554.83338,6266.376,102179.7692,0.27993555800000003,3.348853e+06,
Kuwait,KWT,Middle East/North Africa,2013-01-01,174.179,125854.474,66437.59333999999,5399.549,105783.22099999999,0.28358944199999997,3.526378e+06,
Kuwait,KWT,Middle East/North Africa,2014-01-01,162.695,108396.2112,72025.1814,5531.63,102951.5109,0.284567142,3.690942e+06,
Kuwait,KWT,Middle East/North Africa,2015-01-01,114.60600000000001,68748.08305,62339.61696,5386.482,,0.300852025,3.835591e+06,
Kuwait,KWT,Middle East/North Africa,2016-01-01,110.87299999999999,59214.77302000001,58519.7251,10976.427,,0.302137441,3.956873e+06,
Kuwait,KWT,Middle East/North Africa,2017-01-01,120.351,65083.28902999999,60336.29332999999,24792.306,,0.303349758,4.056097e+06,
Liberia,LBR,Sub-Saharan Africa,2011-01-01,2.398,601,702,462.814,,72.22666667,4.017443e+06,7.6225e+08
Liberia,LBR,Sub-Saharan Africa,2012-01-01,2.721,746,825,478.89599999999996,,73.51477208,4.135659e+06,5.6671e+08
Liberia,LBR,Sub-Saharan Africa,2013-01-01,3.0669999999999997,828,1010,548.993,,77.52,4.248334e+06,5.3593e+08
Liberia,LBR,Sub-Saharan Africa,2014-01-01,3.1439999999999997,916,1014,679.1039999999999,,83.8925,4.359505e+06,7.4959e+08
Liberia,LBR,Sub-Saharan Africa,2015-01-01,3.177,1006,1146,819.666,,86.18836657,4.47223e+06,1.09443e+09
Liberia,LBR,Sub-Saharan Africa,2016-01-01,3.278,1040,1163,927.674,,94.42724359,4.586788e+06,8.1512e+08
Liberia,LBR,Sub-Saharan Africa,2017-01-01,3.285,1004,1153,1130.04,,112.70666670000001,4.702228e+06,6.2165e+08
Libya,LBY,Middle East/North Africa,2011-01-01,31.999000000000002,13571.83854,19087.49123,,,1.224152495,6.247439e+06,6.411e+08
Libya,LBY,Middle East/North Africa,2012-01-01,79.759,59218.82395,36442.475139999995,,,1.261659638,6.28575e+06,8.712e+07
Libya,LBY,Middle East/North Africa,2013-01-01,51.896,43062.31989,45713.11935,,,1.2716918210000001,6.320359e+06,1.2883e+08
Libya,LBY,Middle East/North Africa,2014-01-01,24.261999999999997,16814.6536,34720.157360000005,,,1.272402067,6.362037e+06,2.1028e+08
Libya,LBY,Middle East/North Africa,2015-01-01,17.194000000000003,8806.047767,31323.263219999997,,,1.38120986,6.418315e+06,1.5737e+08
Libya,LBY,Middle East/North Africa,2016-01-01,18.539,5879.735443,26870.570780000002,,,1.390368679,6.492164e+06,1.7949e+08
Libya,LBY,Middle East/North Africa,2017-01-01,31.331,14670.47384,28138.496860000003,,,1.3938200109999999,6.580724e+06,4.3187e+08
Malaysia,MYS,Asia-Pacific,2011-01-01,297.961,71074.43987999999,81855.14822999999,156727.486,21699.54248,3.060003011,2.8650955e+07,4.081e+07
Malaysia,MYS,Asia-Pacific,2012-01-01,314.443,78744.7979,90552.94015,171685.878,22566.78969,3.088800867,2.9068159e+07,1.832e+07
Malaysia,MYS,Asia-Pacific,2013-01-01,323.276,77974.33537,91082.30069,182327.664,20981.635440000002,3.15090855,2.9468872e+07,-1.1331e+08
Malaysia,MYS,Asia-Pacific,2014-01-01,338.066,79986.01232000001,88998.31419,189993.092,20276.07302,3.2728597460000004,2.9866559e+07,1.992e+07
Malaysia,MYS,Asia-Pacific,2015-01-01,296.434,66787.09062,74459.09113,171635.28600000002,11843.957129999999,3.905500263,3.0270962e+07,-600000
Malaysia,MYS,Asia-Pacific,2016-01-01,296.536,61422.50061,69170.49252999999,166653.232,,4.1483006630000006,3.0684804e+07,-5.182e+07
Malaysia,MYS,Asia-Pacific,2017-01-01,314.497,61705.76635,70856.45604,170457.37399999998,,4.300440878,3.1105028e+07,-2.925e+07
Mexico,MEX,Latin America/Caribbean,2011-01-01,1180.487,277341.1305,317092.6463,506428.92299999995,68594.1601,12.423325,1.15695473e+08,9.7317e+08
Mexico,MEX,Latin America/Caribbean,2012-01-01,1201.094,294118.7786,338875.5169,512867.138,70354.08879,13.16945833,1.17274155e+08,4.0793e+08
Mexico,MEX,Latin America/Caribbean,2013-01-01,1274.444,306763.5105,354007.8257,584969.796,,12.77199167,1.18827161e+08,5.6239e+08
Mexico,MEX,Latin America/Caribbean,2014-01-01,1314.39,308044.1153,367690.7568,642736.71,,13.29245,1.20355128e+08,8.1489e+08
Mexico,MEX,Latin America/Caribbean,2015-01-01,1169.625,275400.6537,322219.1491,618731.625,,15.84826667,1.21858258e+08,3.2107e+08
Mexico,MEX,Latin America/Caribbean,2016-01-01,1076.914,265168.8026,294992.3806,611687.152,,18.66405833,1.23333376e+08,8.093e+08
Mexico,MEX,Latin America/Caribbean,2017-01-01,1149.236,285195.7439,297543.1295,622885.912,,18.92651667,1.24777324e+08,7.3748e+08
Mozambique,MOZ,Sub-Saharan Africa,2011-01-01,13.130999999999998,3591.042957,4224.910218999999,4989.78,,29.06759993,2.4187487e+07,2.06547e+09
Mozambique,MOZ,Sub-Saharan Africa,2012-01-01,15.177999999999999,4116.133785,4707.400453,6086.378000000001,,28.37298448,2.4862648e+07,2.0717e+09
Mozambique,MOZ,Sub-Saharan Africa,2013-01-01,16.012999999999998,5030.276414,5469.651620000001,8502.903,,30.10411109,2.5560725e+07,2.3127e+09
Mozambique,MOZ,Sub-Saharan Africa,2014-01-01,16.872,5393.732161,7211.726220999999,10528.128,,31.352687699999997,2.6286163e+07,2.10601e+09
Mozambique,MOZ,Sub-Saharan Africa,2015-01-01,14.798,4151.293874,5213.7343789999995,13037.038,,39.98247415,2.7042002e+07,1.81474e+09
Mozambique,MOZ,Sub-Saharan Africa,2016-01-01,11.272,2855.562285,3537.651876,13391.136,,63.05623273,2.7829942e+07,1.52913e+09
Mozambique,MOZ,Sub-Saharan Africa,2017-01-01,12.681,3360.907063,4051.3130939999996,12959.982,,63.58432291,2.8649007e+07,1.77566e+09
Myanmar,MMR,Asia-Pacific,2011-01-01,59.977,837800.3744,1.1384801e+06,27649.397,,5.444108333,5.0990615e+07,3.7995e+08
Myanmar,MMR,Asia-Pacific,2012-01-01,59.731,15225.33674,14470.02975,24310.517000000003,,640.6534167,5.1413698e+07,5.0453e+08
Myanmar,MMR,Asia-Pacific,2013-01-01,60.133,12489.73328,13326.34073,19964.156000000003,6631.946557,933.5704563999999,5.1852451e+07,3.93612e+09
Myanmar,MMR,Asia-Pacific,2014-01-01,65.575,14568.14746,15190.272359999999,19606.925,6769.2731349999995,984.3457476,5.2280807e+07,1.38446e+09
Myanmar,MMR,Asia-Pacific,2015-01-01,59.485,11714.71566,14479.536430000002,20522.325,5335.1171509999995,1162.615329,5.2680726e+07,1.1685e+09
Myanmar,MMR,Asia-Pacific,2016-01-01,63.251000000000005,12147.28746,13771.563530000001,22580.607000000004,5611.099472,1234.869517,5.3045226e+07,1.53686e+09
Myanmar,MMR,Asia-Pacific,2017-01-01,66.53699999999999,12097.59155,14414.244490000001,23088.339,,1360.358707,5.3382581e+07,1.5428e+09
Namibia,NAM,Sub-Saharan Africa,2011-01-01,12.423,3894.9848979999997,4761.516436999999,3403.902,246.2424884,7.261132132,2.156701e+06,2.7821e+08
Namibia,NAM,Sub-Saharan Africa,2012-01-01,13.015999999999998,4253.609434,4561.162375,3201.9359999999997,236.05271069999998,8.209968627,2.194784e+06,2.5244e+08
Namibia,NAM,Sub-Saharan Africa,2013-01-01,12.724,4237.572491,4659.009712,3181,98.15193006,9.655056069,2.23351e+06,2.6104e+08
Namibia,NAM,Sub-Saharan Africa,2014-01-01,12.796,4427.8563619999995,5192.369706,3224.592,298.64716939999994,10.85265557,2.27343e+06,2.2622e+08
Namibia,NAM,Sub-Saharan Africa,2015-01-01,11.577,4008.563681,4950.659209,4665.531,277.7234277,12.88192083,2.314904e+06,1.4238e+08
Namibia,NAM,Sub-Saharan Africa,2016-01-01,10.945,3479.9654630000005,4477.805753000001,4903.36,189.93890290000002,14.70876667,2.358041e+06,1.7019e+08
Namibia,NAM,Sub-Saharan Africa,2017-01-01,12.687000000000001,4268.566578,5047.885885000001,5848.706999999999,,13.3129,2.402603e+06,1.8669e+08
Nigeria,NGA,Sub-Saharan Africa,2011-01-01,414.095,73416.26753,71865.6078,50105.495,57089.19899,153.8616083,1.62805071e+08,1.80986e+09
Nigeria,NGA,Sub-Saharan Africa,2012-01-01,460.952,65899.55455,64807.69026,58540.904,48146.42848,157.4994258,1.67228767e+08,1.91617e+09
Nigeria,NGA,Sub-Saharan Africa,2013-01-01,514.965,56889.71019,68910.72776000001,66430.485,36704.31585,157.311225,1.71765769e+08,2.51572e+09
Nigeria,NGA,Sub-Saharan Africa,2014-01-01,568.496,59817.24366,71919.35675,74472.976,37148.55512,158.55264169999998,1.76404902e+08,2.4786e+09
Nigeria,NGA,Sub-Saharan Africa,2015-01-01,493.841,37578.3792,54729.615970000006,79014.56,16674.45881,192.4405244,1.81137448e+08,2.43154e+09
Nigeria,NGA,Sub-Saharan Africa,2016-01-01,405.44199999999995,22461.22695,38367.54349,79466.632,8688.064751,253.49225189999999,1.85960289e+08,2.49819e+09
Nigeria,NGA,Sub-Saharan Africa,2017-01-01,376.284,22482.5878,44130.70319,88050.45599999999,,305.2899008,1.90873311e+08,3.35879e+09
Norway,NOR,Western Europe,2011-01-01,498.83099999999996,279971.4439,214255.8674,143663.328,66240.32331,5.604607307,4.953088e+06,
Norway,NOR,Western Europe,2012-01-01,510.22900000000004,284326.6008,215293.51100000003,154089.158,68674.66528,5.8175,5.018573e+06,
Norway,NOR,Western Europe,2013-01-01,523.502,281561.7021,226472.6809,159144.608,57033.3617,5.875,5.079623e+06,
Norway,NOR,Western Europe,2014-01-01,499.339,267570.0079,224969.5319,141312.937,46408.21367,6.301666667,5.137232e+06,
Norway,NOR,Western Europe,2015-01-01,386.663,208417.0714,185663.0774,127985.45300000001,23264.794530000003,8.064166667,5.188607e+06,
Norway,NOR,Western Europe,2016-01-01,371.075,200057.7381,185572.2619,136184.525,15440.5754,8.4,5.234519e+06,
Norway,NOR,Western Europe,2017-01-01,396.457,214516.0185,195253.6369,145499.719,,8.271666667,5.276968e+06,
Oman,OMN,Middle East/North Africa,2011-01-01,67.937,33118.3355,26733.42003,3532.724,,0.3845,3.251108e+06,
Oman,OMN,Middle East/North Africa,2012-01-01,76.689,37326.397919999996,33765.92978,3757.761,,0.3845,3.498029e+06,
Oman,OMN,Middle East/North Africa,2013-01-01,78.939,39024.70741,35339.40182,3946.95,,0.3845,3.764805e+06,
Oman,OMN,Middle East/North Africa,2014-01-01,81.077,37518.85566,38395.3186,3972.7729999999997,,0.3845,4.02726e+06,
Oman,OMN,Middle East/North Africa,2015-01-01,68.905,24072.82185,35061.11834,10680.275,,0.3845,4.267348e+06,
Oman,OMN,Middle East/North Africa,2016-01-01,66.824,19565.6697,33797.13914,22252.392000000003,,0.3845,4.479219e+06,
Oman,OMN,Middle East/North Africa,2017-01-01,74.274,21877.76333,30366.710010000003,32829.108,,0.3845,4.665935e+06,
Peru,PER,Latin America/Caribbean,2011-01-01,168.76,37196.54334,33756.5811,39321.08,,2.7541,2.9264318e+07,5.9781e+08
Peru,PER,Latin America/Caribbean,2012-01-01,189.00099999999998,43143.6101,39186.20421,40824.216,,2.637586418,2.9506788e+07,3.8556e+08
Peru,PER,Latin America/Caribbean,2013-01-01,197.86700000000002,45037.21228,43571.94657,41156.336,,2.7018990260000004,2.9773987e+07,3.6366e+08
Peru,PER,Latin America/Caribbean,2014-01-01,203.075,45216.27483,45752.722989999995,42036.525,,2.839044138,3.0090359e+07,3.283e+08
Peru,PER,Latin America/Caribbean,2015-01-01,192.35299999999998,38581.046989999995,42810.67706,46164.72,,3.184439242,3.0470734e+07,3.3483e+08
Peru,PER,Latin America/Caribbean,2016-01-01,195.43200000000002,36432.22407,40996.585230000004,47685.407999999996,,3.375061587,3.0926032e+07,3.202e+08
Peru,PER,Latin America/Caribbean,2017-01-01,215.22400000000002,39227.250869999996,45793.13818,54882.12,,3.2604884910000003,3.1444297e+07,-7.6e+06
Philippines,PHL,Asia-Pacific,2011-01-01,224.143,39444.01448,40156.22334,106467.925,,43.31313692,9.5570047e+07,-1.8373e+08
Philippines,PHL,Asia-Pacific,2012-01-01,250.092,46548.75926,47308.54888,119794.06800000001,,42.22879473,9.7212638e+07,-3.37e+06
Philippines,PHL,Asia-Pacific,2013-01-01,271.836,51233.93324,50701.871289999995,124229.052,,42.44618483,9.8871552e+07,1.9206e+08
Philippines,PHL,Asia-Pacific,2014-01-01,284.585,53944.175610000006,51485.73163,119810.285,,44.395154299999994,1.00513138e+08,6.7744e+08
Philippines,PHL,Asia-Pacific,2015-01-01,292.774,56731.53595,54937.60396,121501.21,,45.50283994,1.02113212e+08,5.1531e+08
Philippines,PHL,Asia-Pacific,2016-01-01,304.906,58269.034179999995,59400.75057999999,118913.34,,47.49246386,1.03663927e+08,2.8365e+08
Philippines,PHL,Asia-Pacific,2017-01-01,313.41900000000004,61433.025429999994,62374.186129999995,118472.382,,50.40371979,1.05173264e+08,1.6025e+08
Qatar,QAT,Middle East/North Africa,2011-01-01,167.775,60437.63736,47818.95604,56204.625,42664.83516,3.64,2.035871e+06,
Qatar,QAT,Middle East/North Africa,2012-01-01,186.834,78885.43956,57893.40659,59973.71400000001,47252.74725,3.64,2.196074e+06,
Qatar,QAT,Middle East/North Africa,2013-01-01,198.72799999999998,101401.6484,56225,61406.952000000005,52967.03297,3.64,2.336574e+06,
Qatar,QAT,Middle East/North Africa,2014-01-01,206.225,100363.4615,68875.54945,51350.025,47967.03297,3.64,2.459198e+06,
Qatar,QAT,Middle East/North Africa,2015-01-01,164.641,77115.65934,68357.14286,57459.709,28269.23077,3.64,2.56571e+06,
Qatar,QAT,Middle East/North Africa,2016-01-01,152.469,53717.582420000006,60902.47252999999,70898.085,11023.90564,3.64,2.654374e+06,
Qatar,QAT,Middle East/North Africa,2017-01-01,166.326,51082.96703,53820.6044,89816.04,,3.64,2.724724e+06,
Russia,RUS,Eurasia,2011-01-01,2051.657,709792.5838,680498.6964,221578.956,216926.6198,29.38234137,1.42960868e+08,
Russia,RUS,Eurasia,2012-01-01,2210.255,759897.3137,751454.1093,254179.325,223684.1794,30.83983135,1.43201676e+08,
Russia,RUS,Eurasia,2013-01-01,2297.125,767741.1729,794383.7326,291734.875,214439.7783,31.83714364,1.43506911e+08,
Russia,RUS,Eurasia,2014-01-01,2063.663,697429.1399,719462.1129,321931.428,212558.0201,38.37820714,1.43819666e+08,
Russia,RUS,Eurasia,2015-01-01,1368.402,434773.7229,480947.0163,217575.918,109269.7447,60.93765011,1.4409687e+08,
Russia,RUS,Eurasia,2016-01-01,1281.286,420268.5519,467127.94,201161.902,78273.26711,67.05593333,1.44342396e+08,
Russia,RUS,Eurasia,2017-01-01,1527.469,525172.2471,548296.0597,265779.606,,58.34280119,1.4449674e+08,
Saudi Arabia,SAU,Middle East/North Africa,2011-01-01,671.2389999999999,298008.2667,220453.3333,36246.906,275839.9617,3.75,2.8267685e+07,
Saudi Arabia,SAU,Middle East/North Africa,2012-01-01,735.975,332263.4667,244586.1333,22079.25,305279.9627,3.75,2.9155187e+07,
Saudi Arabia,SAU,Middle East/North Africa,2013-01-01,746.6469999999999,307362.1333,265262.4,15679.587,275999.9732,3.75,3.0052518e+07,
Saudi Arabia,SAU,Middle East/North Africa,2014-01-01,756.35,277370.9333,304160.8,12101.6,243466.6497,3.75,3.0916994e+07,
Saudi Arabia,SAU,Middle East/North Africa,2015-01-01,654.27,163385.0667,267011.2,37947.66,118933.4369,3.75,3.1717667e+07,
Saudi Arabia,SAU,Middle East/North Africa,2016-01-01,644.935,138519.7333,249470.9333,84486.485,82400.13349,3.75,3.2442572e+07,
Saudi Arabia,SAU,Middle East/North Africa,2017-01-01,683.827,166933.3333,228266.6667,118302.071,,3.75,3.3099147e+07,
South Africa,ZAF,Sub-Saharan Africa,2011-01-01,416.879,111600.641,128576.7816,159247.77800000002,,7.261132132,5.2004172e+07,1.39697e+09
South Africa,ZAF,Sub-Saharan Africa,2012-01-01,396.332,106777.8745,124318.6237,162496.12,,8.209968627,5.2834005e+07,1.06583e+09
South Africa,ZAF,Sub-Saharan Africa,2013-01-01,366.82099999999997,100191.0287,115838.1673,161768.061,,9.655056069,5.3689236e+07,1.29534e+09
South Africa,ZAF,Sub-Saharan Africa,2014-01-01,350.901,96738.62709,111686.4893,164923.47,,10.85265557,5.4545991e+07,1.0774e+09
South Africa,ZAF,Sub-Saharan Africa,2015-01-01,317.698,89356.85996,104509.8537,156625.114,,12.75893088,5.5386367e+07,1.42027e+09
South Africa,ZAF,Sub-Saharan Africa,2016-01-01,295.678,84725.62665,96732.33446,152569.848,,14.70961089,5.6203654e+07,1.18028e+09
South Africa,ZAF,Sub-Saharan Africa,2017-01-01,349.29900000000004,98974.62351,114836.4404,184080.573,,13.33378146,5.7000451e+07,1.01435e+09
South Sudan,SSD,Sub-Saharan Africa,2011-01-01,17.186,4429.983774,3633.382961,0,3446.5639810000002,2.98895,9.830698e+06,4.3583e+08
South Sudan,SSD,Sub-Saharan Africa,2012-01-01,11.267000000000001,1893.8983050000002,3562.3728810000002,1002.763,185.6197631,2.95,1.0113647e+07,1.18626e+09
South Sudan,SSD,Sub-Saharan Africa,2013-01-01,14.94,3268.135593,3786.779661,2629.44,2857.638043,2.95,1.0355036e+07,1.3993e+09
South Sudan,SSD,Sub-Saharan Africa,2014-01-01,15.1,4100.677965999999,5496.9491530000005,5783.3,1938.163304,2.95,1.0554883e+07,1.96412e+09
South Sudan,SSD,Sub-Saharan Africa,2015-01-01,12.485,2289.412709,4506.685197999999,8652.105,,4.089258333,1.0715658e+07,1.67483e+09
South Sudan,SSD,Sub-Saharan Africa,2016-01-01,3.056,980.5736896999999,1597.8167640000001,2643.44,,49.40679167,1.0832512e+07,1.58703e+09
South Sudan,SSD,Sub-Saharan Africa,2017-01-01,2.87,1132.344866,1213.011839,1902.81,,115.38799170000001,1.0910759e+07,2.18317e+09
Sudan,SDN,Middle East/North Africa,2011-01-01,75.41,12470.84501,12436.71941,47432.89,7055.841619,2.666619622,3.5349681e+07,1.7424e+09
Sudan,SDN,Middle East/North Africa,2012-01-01,67.694,6231.810708,8323.91459,59164.556,1818.521802,3.5729583330000003,3.6193783e+07,1.36913e+09
Sudan,SDN,Middle East/North Africa,2013-01-01,56.085,7213.102206999999,9094.214344,47616.165,1480.1591019999998,4.756760547,3.707255e+07,1.50733e+09
Sudan,SDN,Middle East/North Africa,2014-01-01,62.318999999999996,8544.908370000001,9547.894902,34898.64,1934.01192,5.736866667,3.7977655e+07,8.7468e+08
Sudan,SDN,Middle East/North Africa,2015-01-01,64.059,8989.61232,10513.57639,74884.97099999999,1621.61208,6.025732597999999,3.890295e+07,9.0035e+08
Sudan,SDN,Middle East/North Africa,2016-01-01,57.648999999999994,9234.810758,10930.800079999999,52691.185999999994,833.2276812000001,6.211713646000001,3.984744e+07,8.1065e+08
Sudan,SDN,Middle East/North Africa,2017-01-01,58.239,11720.451990000001,13619.796030000001,73381.14,,6.68336,4.0813396e+07,8.4038e+08
Suriname,SUR,Latin America/Caribbean,2011-01-01,4.422,1106.487148,1193.390453,884.4,453.7747858,3.2680000000000002,535179,8.986e+07
Suriname,SUR,Latin America/Caribbean,2012-01-01,4.98,1316.363636,1535.757576,1065.72,504.5454545,3.3,541245,4.035e+07
Suriname,SUR,Latin America/Caribbean,2013-01-01,5.146,1296.969697,1656.060606,1523.2160000000001,462.12121210000004,3.3,547291,3.082e+07
Suriname,SUR,Latin America/Caribbean,2014-01-01,5.2410000000000005,1263.030303,1713.3333329999998,1378.3829999999998,364.2424242,3.3,553273,1.339e+07
Suriname,SUR,Latin America/Caribbean,2015-01-01,4.8260000000000005,1079.121951,1531.02439,2075.18,159.804878,3.416666667,559143,1.598e+07
Suriname,SUR,Latin America/Caribbean,2016-01-01,3.278,574.9257605,831.8040674,2484.724,,6.228630278,564888,1.653e+07
Suriname,SUR,Latin America/Caribbean,2017-01-01,3.347,607.6663892999999,859.1467872999999,2413.187,,7.487661125,570496,2.012e+07
Tanzania,TZA,Sub-Saharan Africa,2011-01-01,33.583,5278.719555,6486.29224,9336.074,,1557.433373,4.5673338e+07,2.44183e+09
Tanzania,TZA,Sub-Saharan Africa,2012-01-01,39.088,6123.016640999999,7732.893348999999,11413.696000000002,,1571.697999,4.7052481e+07,2.82223e+09
Tanzania,TZA,Sub-Saharan Africa,2013-01-01,44.413999999999994,6866.947831,8607.267691,13723.926000000001,,1597.5557509999999,4.8482266e+07,3.43324e+09
Tanzania,TZA,Sub-Saharan Africa,2014-01-01,48.256,7183.505344,8638.193483,16310.528,,1653.232013,4.9959822e+07,2.65052e+09
Tanzania,TZA,Sub-Saharan Africa,2015-01-01,45.63399999999999,6624.577612,8125.805675,16975.848,,1991.3909640000002,5.1482633e+07,2.58224e+09
Tanzania,TZA,Sub-Saharan Africa,2016-01-01,47.653,7380.203787,8417.115534,18108.14,,2177.085954,5.305079e+07,2.31779e+09
Tanzania,TZA,Sub-Saharan Africa,2017-01-01,51.725,8226.107294,9629.335549,19758.95,,2228.857629,5.4663906e+07,2.58417e+09
Thailand,THA,Asia-Pacific,2011-01-01,370.81800000000004,78722.45155,78743.70321,144989.83800000002,,30.49173333,6.7518382e+07,-1.3412e+08
Thailand,THA,Asia-Pacific,2012-01-01,397.55800000000005,80707.38352,84293.32024,166576.802,,31.08309167,6.7835957e+07,-1.3137e+08
Thailand,THA,Asia-Pacific,2013-01-01,420.334,92794.02113,90634.34945,177380.948,,30.72596667,6.8144501e+07,2.879e+07
Thailand,THA,Asia-Pacific,2014-01-01,407.339,86464.29836,89702.61547,176377.78699999998,,32.47983333,6.843873e+07,3.5451e+08
Thailand,THA,Asia-Pacific,2015-01-01,401.384,88541.37721,88016.11592000001,170588.2,,34.24771667,6.8714511e+07,5.867e+07
Thailand,THA,Asia-Pacific,2016-01-01,411.847,89083.09302999999,86768.83326,172152.046,,35.29638333,6.8971331e+07,2.2778e+08
Thailand,THA,Asia-Pacific,2017-01-01,455.37800000000004,94542.54164,97293.14623,190803.38199999998,,33.93981106,6.9209858e+07,2.5002e+08
Timor-Leste,TLS,Asia-Pacific,2011-01-01,5.682,3871,1389,,,1,1.113151e+06,2.7871e+08
Timor-Leste,TLS,Asia-Pacific,2012-01-01,6.671,4162,1501,,,1,1.132994e+06,2.8364e+08
Timor-Leste,TLS,Asia-Pacific,2013-01-01,5.65,3698,1342,,,1,1.153295e+06,2.5857e+08
Timor-Leste,TLS,Asia-Pacific,2014-01-01,4.045,2555,1629,,,1,1.174331e+06,2.4954e+08
Timor-Leste,TLS,Asia-Pacific,2015-01-01,3.1039999999999996,1674,1558,,,1,1.196302e+06,2.1229e+08
Timor-Leste,TLS,Asia-Pacific,2016-01-01,2.521,925,1757,,,1,1.219288e+06,2.2355e+08
Timor-Leste,TLS,Asia-Pacific,2017-01-01,2.61,1117,1370,,,1,1.243261e+06,2.3196e+08
Trinidad and Tobago,TTO,Latin America/Caribbean,2011-01-01,25.362,7411.260944,7583.042555,7456.428000000001,4292.819222,6.409300706000001,1.336178e+06,
Trinidad and Tobago,TTO,Latin America/Caribbean,2012-01-01,25.623,7664.237222,8005.937965000001,6354.504,4268.544424000001,6.429602656,1.344817e+06,
Trinidad and Tobago,TTO,Latin America/Caribbean,2013-01-01,26.578000000000003,8189.203001000001,8951.158981999999,6724.234,4181.386397,6.442629397999999,1.3537e+06,
Trinidad and Tobago,TTO,Latin America/Caribbean,2014-01-01,27.2,8188.8321909999995,9661.271065,6908.8,4632.4756990000005,6.4090945779999995,1.362342e+06,
Trinidad and Tobago,TTO,Latin America/Caribbean,2015-01-01,24.401999999999997,7314.218214,9399.380368,6808.158,3310.126384,6.377441667,1.370328e+06,
Trinidad and Tobago,TTO,Latin America/Caribbean,2016-01-01,22.296,5129.13045,7936.162023999999,8361,1407.924538,6.668966667,1.377564e+06,
Trinidad and Tobago,TTO,Latin America/Caribbean,2017-01-01,21.624000000000002,5049.616308,7441.081787,8930.712,,6.779525,1.384072e+06,
Tunisia,TUN,Middle East/North Africa,2011-01-01,45.81,11466.25309,13420.38903,19744.11,1000.901669,1.407783333,1.074188e+07,9.2523e+08
Tunisia,TUN,Middle East/North Africa,2012-01-01,45.044,11075.672129999999,13412.581970000001,21485.987999999998,957.5994811,1.5618916669999998,1.0847002e+07,1.02213e+09
Tunisia,TUN,Middle East/North Africa,2013-01-01,46.253,11601.20846,14997.614880000001,21646.404,1102.870165,1.6246583330000002,1.0952951e+07,7.1466e+08
Tunisia,TUN,Middle East/North Africa,2014-01-01,47.605,12421.694379999999,14189.99514,24564.18,1126.4027800000001,1.697675,1.1063201e+07,9.227e+08
Tunisia,TUN,Middle East/North Africa,2015-01-01,43.156000000000006,10167.59065,12436.11801,23649.487999999998,651.2887439,1.961625,1.1179949e+07,4.7454e+08
Tunisia,TUN,Middle East/North Africa,2016-01-01,42.074,9599.013051,12071.50727,25749.287999999997,,2.1480333330000003,1.1303946e+07,6.2744e+08
Tunisia,TUN,Middle East/North Africa,2017-01-01,40.275,9747.357327,12144.20782,28716.075,,2.419425,1.1433443e+07,7.7577e+08
Turkmenistan,TKM,Eurasia,2011-01-01,29.233,,,2923.3,,,5.174085e+06,4.082e+07
Turkmenistan,TKM,Eurasia,2012-01-01,35.164,,,6364.684,,,5.2679e+06,3.766e+07
Turkmenistan,TKM,Eurasia,2013-01-01,39.198,,,7839.6,,,5.366375e+06,3.591e+07
Turkmenistan,TKM,Eurasia,2014-01-01,43.523999999999994,,,7312.031999999999,,,5.466328e+06,3.448e+07
Turkmenistan,TKM,Eurasia,2015-01-01,35.8,,,7804.4,,,5.565287e+06,2.362e+07
Turkmenistan,TKM,Eurasia,2016-01-01,36.18,,,8719.38,,,5.662372e+06,3.29e+07
Turkmenistan,TKM,Eurasia,2017-01-01,37.926,,,10922.688,,,5.757669e+06,2.878e+07
Ukraine,UKR,Eurasia,2011-01-01,163.161,70059.06469,74564.83399,60206.40900000001,,7.967562833,4.57061e+07,7.7793e+08
Ukraine,UKR,Eurasia,2012-01-01,175.707,78513.03929,86084.02889,65890.125,,7.991029332999999,4.55933e+07,7.7206e+08
Ukraine,UKR,Eurasia,2013-01-01,179.572,79419.49206,88189.66596,72726.66,,7.992999999999999,4.54896e+07,7.9074e+08
Ukraine,UKR,Eurasia,2014-01-01,132.343,53820.6722,59774.91027000001,93037.129,,11.88665942,4.5271947e+07,1.40382e+09
Ukraine,UKR,Eurasia,2015-01-01,90.939,38127.10109,39182.91794,72114.62700000001,,21.84469777,4.5154029e+07,1.44935e+09
Ukraine,UKR,Eurasia,2016-01-01,93.26299999999999,35775.27482,37850.82202,75729.556,,25.55133412,4.5004645e+07,1.52332e+09
Ukraine,UKR,Eurasia,2017-01-01,109.321,43887.59178,46523.86797,82646.67599999999,,26.5966063,4.4831135e+07,1.16612e+09
United Arab Emirates,ARE,Middle East/North Africa,2011-01-01,350.908,127947.7195,109307.0116,61057.992,98706.68451,3.6725,8.946777e+06,
United Arab Emirates,ARE,Middle East/North Africa,2012-01-01,374.81800000000004,142894.486,109160.7897,63719.06,107910.0653,3.6725,9.141596e+06,
United Arab Emirates,ARE,Middle East/North Africa,2013-01-01,390.42699999999996,151058.1348,118308.7815,61297.039000000004,109380.8529,3.6725,9.19791e+06,
United Arab Emirates,ARE,Middle East/North Africa,2014-01-01,403.19800000000004,141253.0973,133548.8087,62495.69,95847.74125,3.6725,9.214175e+06,
United Arab Emirates,ARE,Middle East/North Africa,2015-01-01,357.949,103846.4261,115891.627,66936.463,51272.91382,3.6725,9.2629e+06,
United Arab Emirates,ARE,Middle East/North Africa,2016-01-01,348.74300000000005,104014.9762,112657.0456,72189.80099999999,,3.6725,9.36098e+06,
United Arab Emirates,ARE,Middle East/North Africa,2017-01-01,377.435,114259.7686,121051.0551,73599.825,,3.6725,9.487203e+06,
Venezuela,VEN,Latin America/Caribbean,2011-01-01,334.069,87257.82762000001,120916.4666,169038.914,,4.2893,2.8888369e+07,4.978e+07
Venezuela,VEN,Latin America/Caribbean,2012-01-01,331.457,95651.03863,151186.6738,192576.517,,4.2893,2.9362449e+07,5.079e+07
Venezuela,VEN,Latin America/Caribbean,2013-01-01,234.40099999999998,96060.12988,148374.2827,169471.923,,6.047961842,2.9783571e+07,3.783e+07
Venezuela,VEN,Latin America/Caribbean,2014-01-01,212.347,145164.8579,224648.3244,134840.345,,6.2842,3.0045134e+07,4.313e+07
Venezuela,VEN,Latin America/Caribbean,2015-01-01,242.59599999999998,239230.6101,462185.9584,77388.12400000001,,6.2842,3.0081829e+07,3.659e+07
Venezuela,VEN,Latin America/Caribbean,2016-01-01,236.11599999999999,524180.5605,1.069599825e+06,73904.308,,9.257344444,2.9846179e+07,4.343e+07
Venezuela,VEN,Latin America/Caribbean,2017-01-01,210.085,2.656722105e+06,1.202474216e+07,73319.665,,9.975,2.9390409e+07,8.654e+07
Vietnam,VNM,Asia-Pacific,2011-01-01,134.59799999999998,35076.14671,36631.26074,60030.708,5363.304293,20509.75,8.8871561e+07,3.61928e+09
Vietnam,VNM,Asia-Pacific,2012-01-01,155.565,35214.422889999994,45898.13751,75293.46,6001.535974,20828,8.9802487e+07,4.11331e+09
Vietnam,VNM,Asia-Pacific,2013-01-01,170.565,39521.06879,52266.81422,88352.67,5732.4619,20933.41667,9.0753472e+07,4.0856e+09
Vietnam,VNM,Asia-Pacific,2014-01-01,185.89700000000002,41410.1097,53121.713639999994,102243.35,4728.579435000001,21148,9.1714595e+07,4.21562e+09
Vietnam,VNM,Asia-Pacific,2015-01-01,191.454,45914.55821,57938.63759,109128.78,3133.991632,21697.5675,9.2677076e+07,3.15736e+09
Vietnam,VNM,Asia-Pacific,2016-01-01,201.30900000000003,48745.9749,61585.36351,120382.78199999999,,21935.00083,9.3638724e+07,2.89478e+09
Vietnam,VNM,Asia-Pacific,2017-01-01,220.408,,,128277.45599999999,,,9.4596642e+07,2.37639e+09
Yemen,YEM,Middle East/North Africa,2011-01-01,32.726,8290.654818,9765.551918000001,14955.782,5406.922467,213.8,2.3807588e+07,4.7755e+08
Yemen,YEM,Middle East/North Africa,2012-01-01,35.400999999999996,10583.551109999999,12818.690540000001,16744.673,4997.638584,214.3508333,2.4473178e+07,7.1182e+08
Yemen,YEM,Middle East/North Africa,2013-01-01,40.415,9659.314068000001,12446.80069,19480.03,,214.89,2.5147109e+07,1.03963e+09
Yemen,YEM,Middle East/North Africa,2014-01-01,43.229,10220.96421,12008.9348,21052.522999999997,,214.89,2.5823485e+07,1.16344e+09
Yemen,YEM,Middle East/North Africa,2015-01-01,34.602,4869.570478000001,8858.913863,25155.654,,214.89,2.6497889e+07,1.79802e+09
Yemen,YEM,Middle East/North Africa,2016-01-01,20.901,2764.83317,6925.994695,24809.487,,214.89,2.716821e+07,2.30111e+09
Yemen,YEM,Middle East/North Africa,2017-01-01,16.511,1624.007632,3717.971986,23280.51,,214.89,2.7834821e+07,3.23401e+09
