country,country_iso,region,year,oil_&_gas_production_boe/day,oil_production_boe/day,gas_production_boe/day,oil_&_gas_reserves_boe
Algeria,DZA,Middle East/North Africa,2011-01-01,2.96866952e+06,1.641503205e+06,1.327166315e+06,3.9466959765e+10
Algeria,DZA,Middle East/North Africa,2012-01-01,2.844717833e+06,1.536809071e+06,1.307908762e+06,3.9466401911e+10
Algeria,DZA,Middle East/North Africa,2013-01-01,2.8080664060000004e+06,1.485233041e+06,1.322833365e+06,3.9466401911e+10
Algeria,DZA,Middle East/North Africa,2014-01-01,2.925823502e+06,1.5890926030000001e+06,1.336730899e+06,3.9466959765e+10
Algeria,DZA,Middle East/North Africa,2015-01-01,2.915049857e+06,1.557665233e+06,1.357384624e+06,3.9466959765e+10
Algeria,DZA,Middle East/North Africa,2016-01-01,3.10079924e+06,1.5769972680000002e+06,1.5238019719999998e+06,3.9466959765e+10
Algeria,DZA,Middle East/North Africa,2017-01-01,3.06161762e+06,1.540270986e+06,1.521346634e+06,3.9466959765e+10
Angola,AGO,Sub-Saharan Africa,2011-01-01,1.670399937e+06,1.670399937e+06,0,9.055e+09
Angola,AGO,Sub-Saharan Africa,2012-01-01,1.7340636509999998e+06,1.7340636509999998e+06,0,9.055e+09
Angola,AGO,Sub-Saharan Africa,2013-01-01,1.747642115e+06,1.747642115e+06,0,9.011e+09
Angola,AGO,Sub-Saharan Africa,2014-01-01,1.6680984719999998e+06,1.6680984719999998e+06,0,8.423e+09
Angola,AGO,Sub-Saharan Africa,2015-01-01,1.772163284e+06,1.772163284e+06,0,9.524e+09
Angola,AGO,Sub-Saharan Africa,2016-01-01,1.776869535e+06,1.755006715e+06,21862.82,9.523e+09
Angola,AGO,Sub-Saharan Africa,2017-01-01,1.786722489e+06,1.674393689e+06,112328.8,9.523e+09
Argentina,ARG,Latin America/Caribbean,2011-01-01,1.297356778e+06,668486.3712,628870.4068,4.558912176e+09
Argentina,ARG,Latin America/Caribbean,2012-01-01,1.269726346e+06,657968.7605,611757.5851,4.284119922e+09
Argentina,ARG,Latin America/Caribbean,2013-01-01,1.222880265e+06,646726.1416,576154.1235,4.337496493e+09
Argentina,ARG,Latin America/Caribbean,2014-01-01,1.214782205e+06,639795.756,574986.449,4.411830218e+09
Argentina,ARG,Latin America/Caribbean,2015-01-01,1.240741995e+06,648993.4309,591748.5636,4.538579527e+09
Argentina,ARG,Latin America/Caribbean,2016-01-01,1.247278856e+06,625664.8261,621614.0299,4.221557576e+09
Argentina,ARG,Latin America/Caribbean,2017-01-01,1.2127994009999998e+06,593394.47,619404.9314,4.221557576e+09
Azerbaijan,AZE,Eurasia,2011-01-01,1.19803275e+06,932075.8082,265956.9418,1.3421412597e+10
Azerbaijan,AZE,Eurasia,2012-01-01,1.162594078e+06,882321.2295,280272.8486,1.3421412597e+10
Azerbaijan,AZE,Eurasia,2013-01-01,1.179268788e+06,888381.3288,290887.4588,1.3341107853e+10
Azerbaijan,AZE,Eurasia,2014-01-01,1.167696858e+06,861175.3562,306521.5017,1.5423430178e+10
Azerbaijan,AZE,Eurasia,2015-01-01,1.16403797e+06,850847.6027,313190.3671,1.5294655112e+10
Azerbaijan,AZE,Eurasia,2016-01-01,1.1422686909999999e+06,837523.5109,304745.1801,1.5294655112e+10
Azerbaijan,AZE,Eurasia,2017-01-01,1.090162518e+06,794529.9315,295632.5867,1.5294655112e+10
Bahrain,BHR,Middle East/North Africa,2011-01-01,247040.0272,36556.16,210483.8672,1.308271763e+09
Bahrain,BHR,Middle East/North Africa,2012-01-01,257166.9418,39550.69,217616.2518,1.191014622e+09
Bahrain,BHR,Middle East/North Africa,2013-01-01,275636.8351,42915.07,232721.7651,1.138385982e+09
Bahrain,BHR,Middle East/North Africa,2014-01-01,288479.2677,43441.09,245038.1777,1.083110721e+09
Bahrain,BHR,Middle East/North Africa,2015-01-01,291418.1744,45369.86,246048.3144,1.028140819e+09
Bahrain,BHR,Middle East/North Africa,2016-01-01,289175.1191,44383.56,244791.5591,9.741888683e+08
Bahrain,BHR,Middle East/North Africa,2017-01-01,291700.3123,40331.51,251368.8023,9.741888683e+08
Bangladesh,BGD,Asia-Pacific,2011-01-01,326497.2023,0,326497.2023,2.112826034e+09
Bangladesh,BGD,Asia-Pacific,2012-01-01,355744.1681,0,355744.1681,1.669164271e+09
Bangladesh,BGD,Asia-Pacific,2013-01-01,366023.3223,0,366023.3223,1.532923032e+09
Bangladesh,BGD,Asia-Pacific,2014-01-01,383855.0646,0,383855.0646,1.405441846e+09
Bangladesh,BGD,Asia-Pacific,2015-01-01,431070.1009,0,431070.1009,1.243342403e+09
Bangladesh,BGD,Asia-Pacific,2016-01-01,441022.0672,0,441022.0672,1.118898954e+09
Bangladesh,BGD,Asia-Pacific,2017-01-01,443339.6988,0,443339.6988,1.118898954e+09
Bolivia,BOL,Latin America/Caribbean,2011-01-01,259547.2159,8882.224,250664.9919,1.705576621e+09
Bolivia,BOL,Latin America/Caribbean,2012-01-01,295426.1063,9650.972,285775.1343,1.92498723e+09
Bolivia,BOL,Latin America/Caribbean,2013-01-01,337868.2165,11482.48,326385.7365,1.804675575e+09
Bolivia,BOL,Latin America/Caribbean,2014-01-01,350085.4234,12005.76,338079.6634,1.701551299e+09
Bolivia,BOL,Latin America/Caribbean,2015-01-01,337847.2311,11709.4,326137.8311,1.701551299e+09
Bolivia,BOL,Latin America/Caribbean,2016-01-01,304546.8166,11259.59,293287.2266,1.701551299e+09
Bolivia,BOL,Latin America/Caribbean,2017-01-01,292756.7809,7805.465999999999,284951.3149,1.701551299e+09
Brazil,BRA,Latin America/Caribbean,2011-01-01,2.470869067e+06,2.1787574469999997e+06,292111.6194,1.8029024808e+10
Brazil,BRA,Latin America/Caribbean,2012-01-01,2.481145653e+06,2.144846965e+06,336298.6883,1.8291955925e+10
Brazil,BRA,Latin America/Caribbean,2013-01-01,2.48212973e+06,2.109938141e+06,372191.5899,1.8563830734e+10
Brazil,BRA,Latin America/Caribbean,2014-01-01,2.7372703439999996e+06,2.341371973e+06,395898.37100000004,1.9239062209e+10
Brazil,BRA,Latin America/Caribbean,2015-01-01,2.928631558e+06,2.524987068e+06,403644.49,1.5787967295e+10
Brazil,BRA,Latin America/Caribbean,2016-01-01,3.016846591e+06,2.607791528e+06,409055.0634,1.5081120642e+10
Brazil,BRA,Latin America/Caribbean,2017-01-01,3.192645061e+06,2.733987098e+06,458657.963,1.51896136e+10
Brunei,BRN,Asia-Pacific,2011-01-01,165362.1162,165362.1162,,1.766178957e+09
Brunei,BRN,Asia-Pacific,2012-01-01,159031.5763,159031.5763,,1.766178957e+09
Brunei,BRN,Asia-Pacific,2013-01-01,135156.3973,135156.3973,,1.692588144e+09
Brunei,BRN,Asia-Pacific,2014-01-01,126420.7443,126420.7443,,1.692588144e+09
Brunei,BRN,Asia-Pacific,2015-01-01,126754.1558,126754.1558,,1.692588144e+09
Brunei,BRN,Asia-Pacific,2016-01-01,120908.9924,120908.9924,,1.692588144e+09
Brunei,BRN,Asia-Pacific,2017-01-01,113171.604,113171.604,,1.692588144e+09
Cameroon,CMR,Sub-Saharan Africa,2011-01-01,62490.08726,62485.29,4.79726,
Cameroon,CMR,Sub-Saharan Africa,2012-01-01,64901.1327,64651.13,250.0027,
Cameroon,CMR,Sub-Saharan Africa,2013-01-01,71114.205,68662.15,2452.055,
Cameroon,CMR,Sub-Saharan Africa,2014-01-01,80519.226,75579.5,4939.726,
Cameroon,CMR,Sub-Saharan Africa,2015-01-01,103938.35699999999,98113.7,5824.656999999999,
Cameroon,CMR,Sub-Saharan Africa,2016-01-01,97674.052,91841.09,5832.9619999999995,
Cameroon,CMR,Sub-Saharan Africa,2017-01-01,82739.72200000001,76260.27,6479.451999999999,
Chad,TCD,Sub-Saharan Africa,2011-01-01,113698.6301,113698.6301,0,1.5e+09
Chad,TCD,Sub-Saharan Africa,2012-01-01,100819.6721,100819.6721,0,1.5e+09
Chad,TCD,Sub-Saharan Africa,2013-01-01,90635.39721,90635.39721,0,1.5e+09
Chad,TCD,Sub-Saharan Africa,2014-01-01,88804.47873999999,88804.47873999999,0,1.5e+09
Chad,TCD,Sub-Saharan Africa,2015-01-01,110613.8807,110613.8807,0,1.5e+09
Chad,TCD,Sub-Saharan Africa,2016-01-01,102955.0431,102955.0431,0,1.5e+09
Chad,TCD,Sub-Saharan Africa,2017-01-01,103467.4395,103467.4395,0,1.5e+09
China,CHN,Asia-Pacific,2011-01-01,5.844305722999999e+06,4.0741846989999996e+06,1.770121024e+06,4.2169687197e+10
China,CHN,Asia-Pacific,2012-01-01,6.0139256110000005e+06,4.155228798e+06,1.858696814e+06,4.4176975295e+10
China,CHN,Asia-Pacific,2013-01-01,6.247417755e+06,4.2164426280000005e+06,2.0309751269999999e+06,4.5907586618e+10
China,CHN,Asia-Pacific,2014-01-01,6.433163002e+06,4.245957726e+06,2.187205276e+06,4.7661573439e+10
China,CHN,Asia-Pacific,2015-01-01,6.570870166e+06,4.308835068e+06,2.262035098e+06,5.5059019619e+10
China,CHN,Asia-Pacific,2016-01-01,6.299084807e+06,3.999155874e+06,2.299928933e+06,6.0127650265e+10
China,CHN,Asia-Pacific,2017-01-01,6.333490177e+06,3.845940548e+06,2.487549629e+06,6.0127650265e+10
Colombia,COL,Latin America/Caribbean,2011-01-01,1.091097312e+06,915264.2466,175833.0649,2.92411441e+09
Colombia,COL,Latin America/Caribbean,2012-01-01,1.136289574e+06,944120.082,192169.492,3.181771541e+09
Colombia,COL,Latin America/Caribbean,2013-01-01,1.224465731e+06,1.003988e+06,220477.7312,3.321228674e+09
Colombia,COL,Latin America/Caribbean,2014-01-01,1.196006509e+06,990378.6301,205627.8786,3.260828697e+09
Colombia,COL,Latin America/Caribbean,2015-01-01,1.199155675e+06,1.005574493e+06,193581.1815,3.055600106e+09
Colombia,COL,Latin America/Caribbean,2016-01-01,1.067255919e+06,885894.1257,181361.793,2.691772794e+09
Colombia,COL,Latin America/Caribbean,2017-01-01,1.0204798879999999e+06,851450.6968,169029.19100000002,2.355262794e+09
Congo (Rep.),COG,Sub-Saharan Africa,2011-01-01,300562.6,300562.6,,1.6e+09
Congo (Rep.),COG,Sub-Saharan Africa,2012-01-01,280987,280987,,1.6e+09
Congo (Rep.),COG,Sub-Saharan Africa,2013-01-01,249942.2,249942.2,,1.6e+09
Congo (Rep.),COG,Sub-Saharan Africa,2014-01-01,264462.2,264462.2,,1.6e+09
Congo (Rep.),COG,Sub-Saharan Africa,2015-01-01,246966.7493,246966.7493,,1.6e+09
Congo (Rep.),COG,Sub-Saharan Africa,2016-01-01,249548.3981,249548.3981,,1.6e+09
Congo (Rep.),COG,Sub-Saharan Africa,2017-01-01,290516.9587,290516.9587,,1.6e+09
Cote d'Ivoire,CIV,Sub-Saharan Africa,2011-01-01,56974.45,33351.55,23622.9,
Cote d'Ivoire,CIV,Sub-Saharan Africa,2012-01-01,53006.4,28611.95,24394.45,
Cote d'Ivoire,CIV,Sub-Saharan Africa,2013-01-01,49386.1,24136.99,25249.11,
Cote d'Ivoire,CIV,Sub-Saharan Africa,2014-01-01,47469.77,17728.77,29741,
Cote d'Ivoire,CIV,Sub-Saharan Africa,2015-01-01,61025.46,29145.15,31880.31,
Cote d'Ivoire,CIV,Sub-Saharan Africa,2016-01-01,80173.05,47339.98,32833.07,
Cote d'Ivoire,CIV,Sub-Saharan Africa,2017-01-01,78145.73,42529.01,35616.72,
Cuba,CUB,Latin America/Caribbean,2011-01-01,66405.9,53622.4,12783.5,
Cuba,CUB,Latin America/Caribbean,2012-01-01,63775.62,53726.41,10049.21,
Cuba,CUB,Latin America/Caribbean,2013-01-01,61576.292,53622.04,7954.2519999999995,
Cuba,CUB,Latin America/Caribbean,2014-01-01,59044.919,53296.1,5748.819,
Cuba,CUB,Latin America/Caribbean,2015-01-01,52193.691,48336.73,3856.961,
Cuba,CUB,Latin America/Caribbean,2016-01-01,37822.174,35233.38,2588.794,
Cuba,CUB,Latin America/Caribbean,2017-01-01,28471.097999999998,26732.46,1738.638,
Dem. Rep. of Congo,COD,Sub-Saharan Africa,2011-01-01,27994.54,27994.54,,
Dem. Rep. of Congo,COD,Sub-Saharan Africa,2012-01-01,28005.5,28005.5,,
Dem. Rep. of Congo,COD,Sub-Saharan Africa,2013-01-01,27997.26,27997.26,,
Dem. Rep. of Congo,COD,Sub-Saharan Africa,2014-01-01,27997.27,27997.27,,
Dem. Rep. of Congo,COD,Sub-Saharan Africa,2015-01-01,22495.9,22495.9,,
Dem. Rep. of Congo,COD,Sub-Saharan Africa,2016-01-01,19695.75,19695.75,,
Dem. Rep. of Congo,COD,Sub-Saharan Africa,2017-01-01,18609.72,18609.72,,
Denmark,DNK,Western Europe,2011-01-01,338837.7371,224507.5173,114330.2198,1.086479689e+09
Denmark,DNK,Western Europe,2012-01-01,304127.7595,204235.3349,99892.42452999999,9.785220731e+08
Denmark,DNK,Western Europe,2013-01-01,261103.6003,178177.9889,82925.61144,9.119319186e+08
Denmark,DNK,Western Europe,2014-01-01,246882.7437,166840.4477,80042.29605,8.392725832e+08
Denmark,DNK,Western Europe,2015-01-01,237722.921,157799.1558,79923.76513,6.022019929e+08
Denmark,DNK,Western Europe,2016-01-01,220069.4965,141703.7193,78365.77725,5.256189903e+08
Denmark,DNK,Western Europe,2017-01-01,222446.4193,138246.2543,84200.16499,5.256685125e+08
Ecuador,ECU,Latin America/Caribbean,2011-01-01,504506.64200000005,500608.001,3898.6409999999996,8.235e+09
Ecuador,ECU,Latin America/Caribbean,2012-01-01,512950.7956,504615.5356,8335.26,8.235e+09
Ecuador,ECU,Latin America/Caribbean,2013-01-01,535656.0465,527353.5605,8302.485999999999,8.832e+09
Ecuador,ECU,Latin America/Caribbean,2014-01-01,564496.4429,556553.9029,7942.54,8.273e+09
Ecuador,ECU,Latin America/Caribbean,2015-01-01,551027.5216,543094.8606,7932.661,8.273e+09
Ecuador,ECU,Latin America/Caribbean,2016-01-01,556340.0817,548391.8327,7948.249,8.273e+09
Ecuador,ECU,Latin America/Caribbean,2017-01-01,539259.8169,531312.5729,7947.244000000001,8.273e+09
Egypt,EGY,Middle East/North Africa,2011-01-01,714341.811,714341.811,,1.7558135562e+10
Egypt,EGY,Middle East/North Africa,2012-01-01,715295.818,715295.818,,1.6550043592e+10
Egypt,EGY,Middle East/North Africa,2013-01-01,709814.933,709814.933,,1.5077144138e+10
Egypt,EGY,Middle East/North Africa,2014-01-01,714445.5315,714445.5315,,1.4858144138e+10
Egypt,EGY,Middle East/North Africa,2015-01-01,726245.4795,726245.4795,,1.4650144138e+10
Egypt,EGY,Middle East/North Africa,2016-01-01,691387.2951,691387.2951,,1.4561144138e+10
Egypt,EGY,Middle East/North Africa,2017-01-01,660201.5068,660201.5068,,1.4502144138e+10
Equatorial Guinea,GNQ,Sub-Saharan Africa,2011-01-01,433146.6959,300643.0959,132503.6,1.705e+09
Equatorial Guinea,GNQ,Sub-Saharan Africa,2012-01-01,452990.3962,319726.8962,133263.5,1.705e+09
Equatorial Guinea,GNQ,Sub-Saharan Africa,2013-01-01,413731.2959,282056.4959,131674.8,1.705e+09
Equatorial Guinea,GNQ,Sub-Saharan Africa,2014-01-01,416366.2671,284307.5671,132058.7,1.1e+09
Equatorial Guinea,GNQ,Sub-Saharan Africa,2015-01-01,385935.2096,259575.1096,126360.1,1.1e+09
Equatorial Guinea,GNQ,Sub-Saharan Africa,2016-01-01,358749.4044,222882.4044,135867,1.1e+09
Equatorial Guinea,GNQ,Sub-Saharan Africa,2017-01-01,352178.8523,198520.1523,153658.7,1.1e+09
Gabon,GAB,Sub-Saharan Africa,2011-01-01,247348.145,246216,1132.145,2e+09
Gabon,GAB,Sub-Saharan Africa,2012-01-01,247825.263,241641,6184.263000000001,2e+09
Gabon,GAB,Sub-Saharan Africa,2013-01-01,232598.08800000002,226413,6185.088000000001,2e+09
Gabon,GAB,Sub-Saharan Africa,2014-01-01,228095.246,225867,2228.246,2e+09
Gabon,GAB,Sub-Saharan Africa,2015-01-01,226869.008,224686,2183.008,2e+09
Gabon,GAB,Sub-Saharan Africa,2016-01-01,222401.34,220246,2155.34,2e+09
Gabon,GAB,Sub-Saharan Africa,2017-01-01,201812.3032,199676.5772,2135.726,2e+09
Ghana,GHA,Sub-Saharan Africa,2011-01-01,66203.58548,66202.38,1.2054790000000002,
Ghana,GHA,Sub-Saharan Africa,2012-01-01,71870.91274,71869.91,1.00274,
Ghana,GHA,Sub-Saharan Africa,2013-01-01,97632.97274,97631.97,1.00274,
Ghana,GHA,Sub-Saharan Africa,2014-01-01,102175.6027,102174.6,1.00274,
Ghana,GHA,Sub-Saharan Africa,2015-01-01,112036.4,102720.4,9316,
Ghana,GHA,Sub-Saharan Africa,2016-01-01,98430.93,88594.33,9836.6,
Ghana,GHA,Sub-Saharan Africa,2017-01-01,180284.3,166036.3,14248,
India,IND,Asia-Pacific,2011-01-01,1.6491525990000002e+06,916069.4877,733083.1114,1.3440825099e+10
India,IND,Asia-Pacific,2012-01-01,1.543543497e+06,906189.3534,637354.1438,1.377290997e+10
India,IND,Asia-Pacific,2013-01-01,1.437037198e+06,905919.2897,531117.9087,1.3912670302e+10
India,IND,Asia-Pacific,2014-01-01,1.390700925e+06,886797.0179,503903.9067,1.4383287922e+10
India,IND,Asia-Pacific,2015-01-01,1.363220003e+06,876022.2652,487197.7376,1.236493859e+10
India,IND,Asia-Pacific,2016-01-01,1.3117195790000001e+06,855765.0463,455954.5326,1.2108848021e+10
India,IND,Asia-Pacific,2017-01-01,1.340197925e+06,864940.5523,475257.3728,1.2357308793e+10
Indonesia,IDN,Asia-Pacific,2011-01-01,2.330809404e+06,952284.7326,1.3785246719999998e+06,2.2670724127e+10
Indonesia,IDN,Asia-Pacific,2012-01-01,2.2232580209999997e+06,917753.2024,1.3055048190000001e+06,2.2424864937e+10
Indonesia,IDN,Asia-Pacific,2013-01-01,2.1764033430000003e+06,882168.2147,1.294235128e+06,2.2048825025e+10
Indonesia,IDN,Asia-Pacific,2014-01-01,2.126287883e+06,852462.0279999999,1.273825855e+06,2.1749426552e+10
Indonesia,IDN,Asia-Pacific,2015-01-01,2.110620208e+06,840752.1862,1.269868022e+06,2.1317087393e+10
Indonesia,IDN,Asia-Pacific,2016-01-01,2.061415554e+06,881969.8246,1.179445729e+06,2.1605374657e+10
Indonesia,IDN,Asia-Pacific,2017-01-01,2.0822769519999998e+06,948892.5621,1.133384389e+06,2.1501914646e+10
Iran,IRN,Middle East/North Africa,2011-01-01,4.47248211e+06,4.47248211e+06,,3.63e+11
Iran,IRN,Middle East/North Africa,2012-01-01,3.820303847e+06,3.820303847e+06,,3.67e+11
Iran,IRN,Middle East/North Africa,2013-01-01,3.61701226e+06,3.61701226e+06,,3.69e+11
Iran,IRN,Middle East/North Africa,2014-01-01,3.723567562e+06,3.723567562e+06,,3.68e+11
Iran,IRN,Middle East/North Africa,2015-01-01,3.8618072e+06,3.8618072e+06,,3.66e+11
Iran,IRN,Middle East/North Africa,2016-01-01,4.602351414e+06,4.602351414e+06,,3.66e+11
Iran,IRN,Middle East/North Africa,2017-01-01,4.981678749e+06,4.981678749e+06,,3.66e+11
Iraq ,IRQ,Middle East/North Africa,2011-01-01,2.878349874e+06,2.773276667e+06,105073.2071,1.65e+11
Iraq ,IRQ,Middle East/North Africa,2012-01-01,3.184230548e+06,3.0785e+06,105730.5482,1.62e+11
Iraq ,IRQ,Middle East/North Africa,2013-01-01,3.22042383e+06,3.1025e+06,117923.8301,1.66e+11
Iraq ,IRQ,Middle East/North Africa,2014-01-01,3.364184152e+06,3.238621005e+06,125563.1477,1.65e+11
Iraq ,IRQ,Middle East/North Africa,2015-01-01,4.107673353e+06,3.985940667e+06,121732.6863,1.65e+11
Iraq ,IRQ,Middle East/North Africa,2016-01-01,4.587877607e+06,4.4228866e+06,164991.00699999998,1.71e+11
Iraq ,IRQ,Middle East/North Africa,2017-01-01,4.693227334e+06,4.519964612e+06,173262.7225,1.71e+11
Jamaica,JAM,Latin America/Caribbean,2011-01-01,,0,0,
Jamaica,JAM,Latin America/Caribbean,2012-01-01,,0,0,
Jamaica,JAM,Latin America/Caribbean,2013-01-01,,0,0,
Jamaica,JAM,Latin America/Caribbean,2014-01-01,,0,0,
Jamaica,JAM,Latin America/Caribbean,2015-01-01,,0,0,
Jamaica,JAM,Latin America/Caribbean,2016-01-01,,0,0,
Jamaica,JAM,Latin America/Caribbean,2017-01-01,,0,0,
Kazakhstan,KAZ,Eurasia,2011-01-01,2.0190878180000002e+06,1.684145009e+06,334942.8087,3.8609698706e+10
Kazakhstan,KAZ,Eurasia,2012-01-01,1.9947886709999999e+06,1.664131034e+06,330657.6365,3.5959431813e+10
Kazakhstan,KAZ,Eurasia,2013-01-01,2.093200552e+06,1.736702215e+06,356498.3364,3.6803316203e+10
Kazakhstan,KAZ,Eurasia,2014-01-01,2.07105434e+06,1.709566795e+06,361487.5447,3.6765031967e+10
Kazakhstan,KAZ,Eurasia,2015-01-01,2.061112352e+06,1.694757886e+06,366354.4667,3.6956408158e+10
Kazakhstan,KAZ,Eurasia,2016-01-01,2.037607803e+06,1.654972076e+06,382635.7268,3.6875984945e+10
Kazakhstan,KAZ,Eurasia,2017-01-01,2.286908227e+06,1.834514507e+06,452393.7194,3.7195161457e+10
Kenya,KEN,Sub-Saharan Africa,2011-01-01,,0,0,
Kenya,KEN,Sub-Saharan Africa,2012-01-01,,0,0,
Kenya,KEN,Sub-Saharan Africa,2013-01-01,,0,0,
Kenya,KEN,Sub-Saharan Africa,2014-01-01,,0,0,
Kenya,KEN,Sub-Saharan Africa,2015-01-01,,0,0,
Kenya,KEN,Sub-Saharan Africa,2016-01-01,,0,0,
Kenya,KEN,Sub-Saharan Africa,2017-01-01,,0,0,
Kuwait,KWT,Middle East/North Africa,2011-01-01,3.127496963e+06,2.913140397e+06,214356.5653,1.12e+11
Kuwait,KWT,Middle East/North Africa,2012-01-01,3.4143432430000002e+06,3.1685926989999996e+06,245750.5439,1.12e+11
Kuwait,KWT,Middle East/North Africa,2013-01-01,3.387068035e+06,3.128706068e+06,258361.9664,1.12e+11
Kuwait,KWT,Middle East/North Africa,2014-01-01,3.3391541289999997e+06,3.101105151e+06,238048.9779,1.12e+11
Kuwait,KWT,Middle East/North Africa,2015-01-01,3.332567604e+06,3.0647367339999997e+06,267830.8699,1.12e+11
Kuwait,KWT,Middle East/North Africa,2016-01-01,3.418956066e+06,3.14507449e+06,273881.5761,1.12e+11
Kuwait,KWT,Middle East/North Africa,2017-01-01,3.3151050710000005e+06,3.025439312e+06,289665.7592,1.12e+11
Liberia,LBR,Sub-Saharan Africa,2011-01-01,,0,0,
Liberia,LBR,Sub-Saharan Africa,2012-01-01,,0,0,
Liberia,LBR,Sub-Saharan Africa,2013-01-01,,0,0,
Liberia,LBR,Sub-Saharan Africa,2014-01-01,,0,0,
Liberia,LBR,Sub-Saharan Africa,2015-01-01,,0,0,
Liberia,LBR,Sub-Saharan Africa,2016-01-01,,0,0,
Liberia,LBR,Sub-Saharan Africa,2017-01-01,,0,0,
Libya,LBY,Middle East/North Africa,2011-01-01,603194.4221,478774.7945,124419.6276,5.7257820588e+10
Libya,LBY,Middle East/North Africa,2012-01-01,1.702482834e+06,1.5092403830000001e+06,193242.4515,5.7727770962e+10
Libya,LBY,Middle East/North Africa,2013-01-01,1.191347959e+06,988601.7808,202746.1786,5.736183192e+10
Libya,LBY,Middle East/North Africa,2014-01-01,695206.3104,498003.9726,197202.3378,5.7355259139e+10
Libya,LBY,Middle East/North Africa,2015-01-01,638245.3525,431931.5,206313.8525,5.735525614e+10
Libya,LBY,Middle East/North Africa,2016-01-01,613420.8682,426092.9,187327.9682,5.735525614e+10
Libya,LBY,Middle East/North Africa,2017-01-01,1.0567305690000001e+06,864561.6438,192168.9249,5.735525614e+10
Malaysia,MYS,Asia-Pacific,2011-01-01,1.776641955e+06,660351.389,1.1162905659999999e+06,1.9165515877e+10
Malaysia,MYS,Asia-Pacific,2012-01-01,1.8166863159999999e+06,662054.8169,1.154631499e+06,1.9460345187e+10
Malaysia,MYS,Asia-Pacific,2013-01-01,1.8411542030000002e+06,625518.9041,1.215635299e+06,2.0604859264e+10
Malaysia,MYS,Asia-Pacific,2014-01-01,1.850084164e+06,649742.4658,1.2003416979999999e+06,2.0856344748e+10
Malaysia,MYS,Asia-Pacific,2015-01-01,1.9297319130000002e+06,698316.8493,1.231415064e+06,2.0813659913e+10
Malaysia,MYS,Asia-Pacific,2016-01-01,1.964018247e+06,704259.3166,1.25975893e+06,2.0813659913e+10
Malaysia,MYS,Asia-Pacific,2017-01-01,2.00534082e+06,697473.9371,1.307866883e+06,2.0813659913e+10
Mexico,MEX,Latin America/Caribbean,2011-01-01,3.808970559e+06,2.94031338e+06,868657.1794,1.3638954145e+10
Mexico,MEX,Latin America/Caribbean,2012-01-01,3.758933597e+06,2.911097981e+06,847835.6165,1.3665557148e+10
Mexico,MEX,Latin America/Caribbean,2013-01-01,3.7498965939999996e+06,2.874752731e+06,875143.8627,1.3242785153e+10
Mexico,MEX,Latin America/Caribbean,2014-01-01,3.63953304e+06,2.7842008789999997e+06,855332.1606,1.283488065e+10
Mexico,MEX,Latin America/Caribbean,2015-01-01,3.3859701560000004e+06,2.586540847e+06,799429.3082,9.494636338e+09
Mexico,MEX,Latin America/Caribbean,2016-01-01,3.18360866e+06,2.455799498e+06,727809.1623,8.450399907e+09
Mexico,MEX,Latin America/Caribbean,2017-01-01,2.90258732e+06,2.22415016e+06,678437.16,8.450399907e+09
Mozambique,MOZ,Sub-Saharan Africa,2011-01-01,54712.33,0,54712.33,
Mozambique,MOZ,Sub-Saharan Africa,2012-01-01,64191.78,0,64191.78,
Mozambique,MOZ,Sub-Saharan Africa,2013-01-01,63287.67,0,63287.67,
Mozambique,MOZ,Sub-Saharan Africa,2014-01-01,70136.99,0,70136.99,
Mozambique,MOZ,Sub-Saharan Africa,2015-01-01,74950.68,0,74950.68,
Mozambique,MOZ,Sub-Saharan Africa,2016-01-01,75800,0,75800,
Mozambique,MOZ,Sub-Saharan Africa,2017-01-01,75994.52,0,75994.52,
Myanmar,MMR,Asia-Pacific,2011-01-01,214997.8318,5748.706,209249.1258,1.366347541e+09
Myanmar,MMR,Asia-Pacific,2012-01-01,213130.8502,4530.679,208600.1712,1.749907463e+09
Myanmar,MMR,Asia-Pacific,2013-01-01,218350.3873,3917.26,214433.1273,3.26007751e+09
Myanmar,MMR,Asia-Pacific,2014-01-01,279121.5734,3293.5370000000003,275828.0364,3.265327261e+09
Myanmar,MMR,Asia-Pacific,2015-01-01,323240.0787,2836.362,320403.7167,3.265327261e+09
Myanmar,MMR,Asia-Pacific,2016-01-01,307297.2095,2509.748,304787.4615,7.346986244e+09
Myanmar,MMR,Asia-Pacific,2017-01-01,302083.0107,2316.0029999999997,299767.0077,7.346986244e+09
Namibia,NAM,Sub-Saharan Africa,2011-01-01,,0,0,
Namibia,NAM,Sub-Saharan Africa,2012-01-01,,0,0,
Namibia,NAM,Sub-Saharan Africa,2013-01-01,,0,0,
Namibia,NAM,Sub-Saharan Africa,2014-01-01,,0,0,
Namibia,NAM,Sub-Saharan Africa,2015-01-01,,0,0,
Namibia,NAM,Sub-Saharan Africa,2016-01-01,,0,0,
Namibia,NAM,Sub-Saharan Africa,2017-01-01,,0,0,
Nigeria,NGA,Sub-Saharan Africa,2011-01-01,3.1055478430000003e+06,2.462792608e+06,642755.2343,6.7172792722e+10
Nigeria,NGA,Sub-Saharan Africa,2012-01-01,3.098832048e+06,2.413204855e+06,685627.1926,6.7722960135e+10
Nigeria,NGA,Sub-Saharan Africa,2013-01-01,2.853406264e+06,2.280179088e+06,573227.1766,6.7587270841e+10
Nigeria,NGA,Sub-Saharan Africa,2014-01-01,2.991946045e+06,2.278403175e+06,713542.8694,6.9260531777e+10
Nigeria,NGA,Sub-Saharan Africa,2015-01-01,2.9965689280000003e+06,2.203507636e+06,793061.2923,6.8637251842e+10
Nigeria,NGA,Sub-Saharan Africa,2016-01-01,2.6139501119999997e+06,1.903063273e+06,710886.8391,7.016909943e+10
Nigeria,NGA,Sub-Saharan Africa,2017-01-01,2.774822563e+06,1.9877535790000001e+06,787068.9846,7.016909943e+10
Norway,NOR,Western Europe,2011-01-01,3.714938064e+06,2.0391672580000001e+06,1.6757708059999999e+06,1.9805596269e+10
Norway,NOR,Western Europe,2012-01-01,3.81582716e+06,1.9173785690000001e+06,1.898448591e+06,2.0541715656e+10
Norway,NOR,Western Europe,2013-01-01,3.63735329e+06,1.8378101509999998e+06,1.799543139e+06,1.9838653416e+10
Norway,NOR,Western Europe,2014-01-01,3.6897189560000002e+06,1.88888319e+06,1.800835765e+06,1.8537572757e+10
Norway,NOR,Western Europe,2015-01-01,3.8840136089999997e+06,1.945947507e+06,1.938066102e+06,1.9596994112e+10
Norway,NOR,Western Europe,2016-01-01,3.9251454710000004e+06,1.994742159e+06,1.930403313e+06,1.8609486213e+10
Norway,NOR,Western Europe,2017-01-01,4.0234730160000003e+06,1.968871007e+06,2.054602009e+06,1.8712390892e+10
Oman,OMN,Middle East/North Africa,2011-01-01,1.337228963e+06,884920.2740000001,452308.6886,8.551780306e+09
Oman,OMN,Middle East/North Africa,2012-01-01,1.390690267e+06,918471.8579,472218.4091,8.491380043e+09
Oman,OMN,Middle East/North Africa,2013-01-01,1.455248987e+06,941949.3151,513299.6719,9.155853104e+09
Oman,OMN,Middle East/North Africa,2014-01-01,1.4328221409999998e+06,943478.9041,489343.2374,9.230154638e+09
Oman,OMN,Middle East/North Africa,2015-01-01,1.4937428769999999e+06,981089.863,512653.0144,9.485343432e+09
Oman,OMN,Middle East/North Africa,2016-01-01,1.5286046269999999e+06,1.004262568e+06,524342.0591,9.552343432e+09
Oman,OMN,Middle East/North Africa,2017-01-01,1.5084118909999998e+06,970569.589,537842.3021,9.552343432e+09
Peru,PER,Latin America/Caribbean,2011-01-01,344490.8885,153073.47400000002,191417.4145,3.383343086e+09
Peru,PER,Latin America/Caribbean,2012-01-01,353358.4702,153979.0328,199379.4374,4.05858603e+09
Peru,PER,Latin America/Caribbean,2013-01-01,373718.3584,166985.1905,206733.1679,4.19643797e+09
Peru,PER,Latin America/Caribbean,2014-01-01,387809.9523,168936.9488,218873.0036,3.917160535e+09
Peru,PER,Latin America/Caribbean,2015-01-01,355714.3177,144686.281,211028.0367,3.600999643e+09
Peru,PER,Latin America/Caribbean,2016-01-01,361423.2936,127691.041,233732.2526,3.982887076e+09
Peru,PER,Latin America/Caribbean,2017-01-01,344176.2026,127245.3457,216930.8569,3.982887076e+09
Philippines,PHL,Asia-Pacific,2011-01-01,70309.69,6463.33,63846.36,
Philippines,PHL,Asia-Pacific,2012-01-01,63970.45,4487.75,59482.7,
Philippines,PHL,Asia-Pacific,2013-01-01,59840.357,5160.357,54680,
Philippines,PHL,Asia-Pacific,2014-01-01,66065.938,8376.088,57689.85,
Philippines,PHL,Asia-Pacific,2015-01-01,60460.843,6590.703,53870.14,
Philippines,PHL,Asia-Pacific,2016-01-01,67366.073,5503.063,61863.01,
Philippines,PHL,Asia-Pacific,2017-01-01,67587.863,4347.183,63240.68,
Qatar,QAT,Middle East/North Africa,2011-01-01,4.341413383e+06,1.834498584e+06,2.506914799e+06,1.87e+11
Qatar,QAT,Middle East/North Africa,2012-01-01,4.649244382e+06,1.9390760259999998e+06,2.710168357e+06,1.87e+11
Qatar,QAT,Middle East/North Africa,2013-01-01,4.797818087e+06,2.00212694e+06,2.795691147e+06,1.86e+11
Qatar,QAT,Middle East/North Africa,2014-01-01,4.804682431e+06,1.985390003e+06,2.8192924280000003e+06,1.85e+11
Qatar,QAT,Middle East/North Africa,2015-01-01,4.879909671e+06,1.95804619e+06,2.921863482e+06,1.83e+11
Qatar,QAT,Middle East/North Africa,2016-01-01,4.921066044e+06,1.9697377e+06,2.9513283439999996e+06,1.82e+11
Qatar,QAT,Middle East/North Africa,2017-01-01,4.845516518999999e+06,1.915827509e+06,2.9296890110000004e+06,1.82e+11
Russia,RUS,Eurasia,2011-01-01,2.082270418e+07,1.053820882e+07,1.028449536e+07,3.22e+11
Russia,RUS,Eurasia,2012-01-01,2.069492842e+07,1.066007657e+07,1.003485185e+07,3.23e+11
Russia,RUS,Eurasia,2013-01-01,2.105454675e+07,1.080892503e+07,1.024562172e+07,3.25e+11
Russia,RUS,Eurasia,2014-01-01,2.071691316e+07,1.086046178e+07,9.856451383e+06,3.24e+11
Russia,RUS,Eurasia,2015-01-01,2.075369663e+07,1.100921569e+07,9.744480945e+06,3.22e+11
Russia,RUS,Eurasia,2016-01-01,2.109449352e+07,1.126938423e+07,9.82510929e+06,3.25e+11
Russia,RUS,Eurasia,2017-01-01,2.185410024e+07,1.125726338e+07,1.059683686e+07,3.26e+11
Saudi Arabia,SAU,Middle East/North Africa,2011-01-01,1.260510221e+07,1.114374577e+07,1.4613564409999999e+06,3.13e+11
Saudi Arabia,SAU,Middle East/North Africa,2012-01-01,1.320788566e+07,1.163454364e+07,1.573342025e+06,3.14e+11
Saudi Arabia,SAU,Middle East/North Africa,2013-01-01,1.297750655e+07,1.139307684e+07,1.584429707e+06,3.15e+11
Saudi Arabia,SAU,Middle East/North Africa,2014-01-01,1.312639841e+07,1.150474577e+07,1.621652638e+06,3.16e+11
Saudi Arabia,SAU,Middle East/North Africa,2015-01-01,1.36487523e+07,1.19943118e+07,1.654440497e+06,3.17e+11
Saudi Arabia,SAU,Middle East/North Africa,2016-01-01,1.415773598e+07,1.240176399e+07,1.755971981e+06,3.17e+11
Saudi Arabia,SAU,Middle East/North Africa,2017-01-01,1.380866093e+07,1.195084257e+07,1.857818356e+06,3.17e+11
South Africa,ZAF,Sub-Saharan Africa,2011-01-01,22071.651,1433.3210000000001,20638.33,
South Africa,ZAF,Sub-Saharan Africa,2012-01-01,24260.67,5389.26,18871.41,
South Africa,ZAF,Sub-Saharan Africa,2013-01-01,23839.207000000002,4976.537,18862.67,
South Africa,ZAF,Sub-Saharan Africa,2014-01-01,16712.334,1863.014,14849.32,
South Africa,ZAF,Sub-Saharan Africa,2015-01-01,19780.797,2410.937,17369.86,
South Africa,ZAF,Sub-Saharan Africa,2016-01-01,22739.725,2547.945,20191.78,
South Africa,ZAF,Sub-Saharan Africa,2017-01-01,12684.935,1753.425,10931.51,
South Sudan,SSD,Sub-Saharan Africa,2011-01-01,,0,0,
South Sudan,SSD,Sub-Saharan Africa,2012-01-01,31041,31041,0,3.5e+09
South Sudan,SSD,Sub-Saharan Africa,2013-01-01,99728.8,99728.8,0,3.5e+09
South Sudan,SSD,Sub-Saharan Africa,2014-01-01,155351.6,155351.6,0,3.5e+09
South Sudan,SSD,Sub-Saharan Africa,2015-01-01,147737.6,147737.6,0,3.5e+09
South Sudan,SSD,Sub-Saharan Africa,2016-01-01,117266.6,117266.6,0,3.5e+09
South Sudan,SSD,Sub-Saharan Africa,2017-01-01,108555.5,108555.5,0,3.5e+09
Sudan,SDN,Middle East/North Africa,2011-01-01,291002.2712,291002.2712,0,5e+09
Sudan,SDN,Middle East/North Africa,2012-01-01,103107.5,103107.5,0,1.5e+09
Sudan,SDN,Middle East/North Africa,2013-01-01,117853.4,117853.4,0,1.5e+09
Sudan,SDN,Middle East/North Africa,2014-01-01,119604.5,119604.5,0,1.5e+09
Sudan,SDN,Middle East/North Africa,2015-01-01,109062.1562,109062.1562,0,1.5e+09
Sudan,SDN,Middle East/North Africa,2016-01-01,103613.582,103613.582,0,1.5e+09
Sudan,SDN,Middle East/North Africa,2017-01-01,86041.26412,86041.26412,0,1.5e+09
Suriname,SUR,Latin America/Caribbean,2011-01-01,16410.96,16410.96,0,
Suriname,SUR,Latin America/Caribbean,2012-01-01,16317.81,16317.81,0,
Suriname,SUR,Latin America/Caribbean,2013-01-01,16383.56,16383.56,0,
Suriname,SUR,Latin America/Caribbean,2014-01-01,16794.52,16794.52,0,
Suriname,SUR,Latin America/Caribbean,2015-01-01,16958.9,16958.9,0,
Suriname,SUR,Latin America/Caribbean,2016-01-01,16383.56,16383.56,0,
Suriname,SUR,Latin America/Caribbean,2017-01-01,16109.59,16109.59,0,
Tanzania,TZA,Sub-Saharan Africa,2011-01-01,14006.03,,14006.03,
Tanzania,TZA,Sub-Saharan Africa,2012-01-01,16265.75,,16265.75,
Tanzania,TZA,Sub-Saharan Africa,2013-01-01,16375.34,,16375.34,
Tanzania,TZA,Sub-Saharan Africa,2014-01-01,15358.9,,15358.9,
Tanzania,TZA,Sub-Saharan Africa,2015-01-01,17041.09,,17041.09,
Tanzania,TZA,Sub-Saharan Africa,2016-01-01,22102.74,,22102.74,
Tanzania,TZA,Sub-Saharan Africa,2017-01-01,22102.74,,22102.74,
Thailand,THA,Asia-Pacific,2011-01-01,1.057253821e+06,419278.5326,637975.2889,2.30787614e+09
Thailand,THA,Asia-Pacific,2012-01-01,1.1721547079999999e+06,457496.1191,714658.589,2.115019734e+09
Thailand,THA,Asia-Pacific,2013-01-01,1.173326095e+06,452059.0926,721267.0026,2.012946359e+09
Thailand,THA,Asia-Pacific,2014-01-01,1.1763106609999998e+06,449871.3682,726439.2932,1.833750455e+09
Thailand,THA,Asia-Pacific,2015-01-01,1.15430121e+06,467635.0482,686666.1622,1.742780753e+09
Thailand,THA,Asia-Pacific,2016-01-01,1.14878492e+06,475081.4907,673703.4296,1.608415207e+09
Thailand,THA,Asia-Pacific,2017-01-01,1.110053239e+06,464943.7567,645109.4828,1.608415207e+09
Timor-Leste,TLS,Asia-Pacific,2011-01-01,,,0,
Timor-Leste,TLS,Asia-Pacific,2012-01-01,,,0,
Timor-Leste,TLS,Asia-Pacific,2013-01-01,,,0,
Timor-Leste,TLS,Asia-Pacific,2014-01-01,,,0,
Timor-Leste,TLS,Asia-Pacific,2015-01-01,,,0,
Timor-Leste,TLS,Asia-Pacific,2016-01-01,,,0,
Timor-Leste,TLS,Asia-Pacific,2017-01-01,,,0,
Trinidad and Tobago,TTO,Latin America/Caribbean,2011-01-01,791602.8452,136899.0452,654703.8,3.126240621e+09
Trinidad and Tobago,TTO,Latin America/Caribbean,2012-01-01,805508.3251,116952.3251,688556,3.100085962e+09
Trinidad and Tobago,TTO,Latin America/Caribbean,2013-01-01,805783.2959,115602.6959,690180.6,2.950086385e+09
Trinidad and Tobago,TTO,Latin America/Caribbean,2014-01-01,757943.1603,114115.4603,643827.7,2.822430776e+09
Trinidad and Tobago,TTO,Latin America/Caribbean,2015-01-01,709091.1863,108746.4863,600344.7,2.720730776e+09
Trinidad and Tobago,TTO,Latin America/Caribbean,2016-01-01,617708.6426,96660.94262,521047.7,2.079004438e+09
Trinidad and Tobago,TTO,Latin America/Caribbean,2017-01-01,647089.9202,98690.22021,548399.7,1.881292029e+09
Tunisia,TUN,Middle East/North Africa,2011-01-01,135798.5221,76557.45205,59241.07,4.25e+08
Tunisia,TUN,Middle East/North Africa,2012-01-01,138292.3331,82152.21311,56140.12,4.25e+08
Tunisia,TUN,Middle East/North Africa,2013-01-01,130358.8526,76245.9726,54112.88,4.25e+08
Tunisia,TUN,Middle East/North Africa,2014-01-01,121871.3236,71020.38356,50850.94,4.25e+08
Tunisia,TUN,Middle East/North Africa,2015-01-01,106275.7401,63634.63014,42641.11,4.25e+08
Tunisia,TUN,Middle East/North Africa,2016-01-01,101961.3426,59716.91257000001,42244.43,4.25e+08
Tunisia,TUN,Middle East/North Africa,2017-01-01,91666.52573,52678.79573,38987.73,4.25e+08
Turkmenistan,TKM,Eurasia,2011-01-01,1.2535439540000001e+06,215223.56399999998,1.03832039e+06,1.23e+11
Turkmenistan,TKM,Eurasia,2012-01-01,1.31069294e+06,224609.8118,1.086083128e+06,1.23e+11
Turkmenistan,TKM,Eurasia,2013-01-01,1.3189634009999998e+06,231794.19,1.087169211e+06,1.23e+11
Turkmenistan,TKM,Eurasia,2014-01-01,1.4109442230000002e+06,240793.6815,1.170150541e+06,1.23e+11
Turkmenistan,TKM,Eurasia,2015-01-01,1.474231865e+06,261076.5418,1.213155324e+06,1.23e+11
Turkmenistan,TKM,Eurasia,2016-01-01,1.369001927e+06,252819.4603,1.116182467e+06,1.23e+11
Turkmenistan,TKM,Eurasia,2017-01-01,1.291934122e+06,257700.1754,1.034233947e+06,1.23e+11
Ukraine,UKR,Eurasia,2011-01-01,368258.9938,42392.3,325866.6938,4.585794491e+09
Ukraine,UKR,Eurasia,2012-01-01,364000.651,40658.71,323341.941,7.32773353e+09
Ukraine,UKR,Eurasia,2013-01-01,372083.3426,35975.62,336107.7226,7.153025479e+09
Ukraine,UKR,Eurasia,2014-01-01,364194.2237,27076.6,337117.6237,7.159265347e+09
Ukraine,UKR,Eurasia,2015-01-01,335100.8352,21084.7,314016.1352,6.727488537e+09
Ukraine,UKR,Eurasia,2016-01-01,334767.9362,17595.86,317172.0762,6.605193276e+09
Ukraine,UKR,Eurasia,2017-01-01,339508.3619,15358.5,324149.8619,6.605193276e+09
United Arab Emirates,ARE,Middle East/North Africa,2011-01-01,4.135296481e+06,3.284958e+06,850338.4814,1.35e+11
United Arab Emirates,ARE,Middle East/North Africa,2012-01-01,4.312786618e+06,3.430065437e+06,882721.1811,1.35e+11
United Arab Emirates,ARE,Middle East/North Africa,2013-01-01,4.430675459e+06,3.5430773660000004e+06,887598.0937,1.35e+11
United Arab Emirates,ARE,Middle East/North Africa,2014-01-01,4.480715695e+06,3.5988952210000004e+06,881820.4745,1.35e+11
United Arab Emirates,ARE,Middle East/North Africa,2015-01-01,4.851598339e+06,3.873274189e+06,978324.15,1.35e+11
United Arab Emirates,ARE,Middle East/North Africa,2016-01-01,5.012935238e+06,4.0199362260000003e+06,992999.0122,1.35e+11
United Arab Emirates,ARE,Middle East/North Africa,2017-01-01,4.943161651000001e+06,3.9352676539999996e+06,1.007893997e+06,1.35e+11
Venezuela,VEN,Latin America/Caribbean,2011-01-01,2.755021082e+06,2.755021082e+06,,3.36e+11
Venezuela,VEN,Latin America/Caribbean,2012-01-01,2.703734191e+06,2.703734191e+06,,3.37e+11
Venezuela,VEN,Latin America/Caribbean,2013-01-01,2.680356164e+06,2.680356164e+06,,3.37e+11
Venezuela,VEN,Latin America/Caribbean,2014-01-01,2.692493151e+06,2.692493151e+06,,3.39e+11
Venezuela,VEN,Latin America/Caribbean,2015-01-01,2.630863e+06,2.630863e+06,,3.41e+11
Venezuela,VEN,Latin America/Caribbean,2016-01-01,2.3865519e+06,2.3865519e+06,,3.42e+11
Venezuela,VEN,Latin America/Caribbean,2017-01-01,2.11020493e+06,2.11020493e+06,,3.43e+11
Vietnam,VNM,Asia-Pacific,2011-01-01,463000.2847,326560.1096,136440.1751,8.462768799e+09
Vietnam,VNM,Asia-Pacific,2012-01-01,508753.4763,358234.8634,150518.613,8.462768799e+09
Vietnam,VNM,Asia-Pacific,2013-01-01,517495.5912,360605.4795,156890.1117,8.462768799e+09
Vietnam,VNM,Asia-Pacific,2014-01-01,537540.9018,373265.6438,164275.258,8.462768799e+09
Vietnam,VNM,Asia-Pacific,2015-01-01,574714.2824,403198.6849,171515.5974,8.462768799e+09
Vietnam,VNM,Asia-Pacific,2016-01-01,544464.1207,373753.0055,170711.1153,8.462768799e+09
Vietnam,VNM,Asia-Pacific,2017-01-01,492660.5987,335043.0259,157617.5727,8.462768799e+09
Yemen,YEM,Middle East/North Africa,2011-01-01,220824.3,220824.3,,1.912813227e+09
Yemen,YEM,Middle East/North Africa,2012-01-01,178321.2,178321.2,,1.852989562e+09
Yemen,YEM,Middle East/North Africa,2013-01-01,197651.9,197651.9,,1.771569297e+09
Yemen,YEM,Middle East/North Africa,2014-01-01,153335,153335,,1.69527844e+09
Yemen,YEM,Middle East/North Africa,2015-01-01,63756.1,63756.1,,1.678986514e+09
Yemen,YEM,Middle East/North Africa,2016-01-01,43103.5,43103.5,,1.678986514e+09
Yemen,YEM,Middle East/North Africa,2017-01-01,52479,52479,,1.678986514e+09
